Datetime,Open,High,Low,Close,Volume,Dividends,Stock Splits,Capital Gains
2026-06-26 09:30:00-04:00,728.9450073242188,731.3099975585938,726.8599853515625,730.89501953125,5949430,0.0,0.0,0.0
2026-06-26 10:00:00-04:00,730.8699951171875,734.2424926757812,730.6300048828125,733.489990234375,3904134,0.0,0.0,0.0
2026-06-26 10:30:00-04:00,733.489990234375,733.9199829101562,731.6005249023438,732.4500122070312,2630247,0.0,0.0,0.0
2026-06-26 11:00:00-04:00,732.4600219726562,734.6699829101562,731.6199951171875,734.6699829101562,2366822,0.0,0.0,0.0
2026-06-26 11:30:00-04:00,734.6699829101562,736.530029296875,734.1799926757812,735.4000244140625,3425068,0.0,0.0,0.0
2026-06-26 12:00:00-04:00,735.4000244140625,735.52001953125,732.739990234375,733.4199829101562,2409504,0.0,0.0,0.0
2026-06-26 12:30:00-04:00,733.4000244140625,734.9000244140625,733.4000244140625,734.469970703125,2174594,0.0,0.0,0.0
2026-06-26 13:00:00-04:00,734.47998046875,735.8599853515625,733.7899780273438,734.719970703125,2712716,0.0,0.0,0.0
2026-06-26 13:30:00-04:00,734.719970703125,735.3900146484375,733.469970703125,733.6599731445312,2131024,0.0,0.0,0.0
2026-06-26 14:00:00-04:00,733.6900024414062,734.5900268554688,732.739990234375,732.8300170898438,2538110,0.0,0.0,0.0
2026-06-26 14:30:00-04:00,732.8300170898438,733.6699829101562,731.280029296875,731.6199951171875,4121084,0.0,0.0,0.0
2026-06-26 15:00:00-04:00,731.6300048828125,732.989990234375,731.3300170898438,732.1900024414062,4103990,0.0,0.0,0.0
2026-06-26 15:30:00-04:00,732.2000122070312,733.8599853515625,716.5800170898438,729.0800170898438,11940112,0.0,0.0,0.0
2026-06-29 09:30:00-04:00,736.5250244140625,739.89501953125,735.2999877929688,736.889892578125,6439647,0.0,0.0,0.0
2026-06-29 10:00:00-04:00,736.8699951171875,737.0700073242188,732.0900268554688,736.0700073242188,5725620,0.0,0.0,0.0
2026-06-29 10:30:00-04:00,736.0800170898438,738.3200073242188,735.8800048828125,737.8599853515625,3683532,0.0,0.0,0.0
2026-06-29 11:00:00-04:00,737.8800048828125,738.02001953125,736.3300170898438,737.77001953125,2120534,0.0,0.0,0.0
2026-06-29 11:30:00-04:00,737.760009765625,738.5800170898438,737.2100219726562,738.510009765625,2058431,0.0,0.0,0.0
2026-06-29 12:00:00-04:00,738.5399780273438,739.1300048828125,738.260009765625,738.3300170898438,3621057,0.0,0.0,0.0
2026-06-29 12:30:00-04:00,738.3400268554688,738.9500122070312,737.969970703125,738.6799926757812,1832789,0.0,0.0,0.0
2026-06-29 13:00:00-04:00,738.6900024414062,740.375,738.6900024414062,740.1400146484375,1939511,0.0,0.0,0.0
2026-06-29 13:30:00-04:00,740.135009765625,740.8200073242188,739.97998046875,740.4099731445312,1155836,0.0,0.0,0.0
2026-06-29 14:00:00-04:00,740.4000244140625,740.77001953125,740.1199951171875,740.2150268554688,2597936,0.0,0.0,0.0
2026-06-29 14:30:00-04:00,740.2150268554688,741.1900024414062,740.1500244140625,740.6849975585938,1967695,0.0,0.0,0.0
2026-06-29 15:00:00-04:00,740.6900024414062,741.1199951171875,740.3400268554688,740.8699951171875,4266314,0.0,0.0,0.0
2026-06-29 15:30:00-04:00,740.8699951171875,741.5599975585938,740.22998046875,740.8499755859375,9675059,0.0,0.0,0.0
2026-06-30 09:30:00-04:00,741.2899780273438,743.9600219726562,740.8900146484375,743.9199829101562,5627574,0.0,0.0,0.0
2026-06-30 10:00:00-04:00,743.9099731445312,744.5750122070312,742.8599853515625,744.47998046875,4723240,0.0,0.0,0.0
2026-06-30 10:30:00-04:00,744.469970703125,745.3800048828125,742.9299926757812,743.3198852539062,2316249,0.0,0.0,0.0
2026-06-30 11:00:00-04:00,743.3200073242188,745.3599853515625,743.239990234375,745.260009765625,1910631,0.0,0.0,0.0
2026-06-30 11:30:00-04:00,745.2750244140625,746.0,744.7940063476562,745.7899780273438,1734620,0.0,0.0,0.0
2026-06-30 12:00:00-04:00,745.7999877929688,746.6199951171875,745.760009765625,746.2899780273438,1937561,0.0,0.0,0.0
2026-06-30 12:30:00-04:00,746.2899780273438,747.0399780273438,746.1199951171875,746.77001953125,1698653,0.0,0.0,0.0
2026-06-30 13:00:00-04:00,746.780029296875,747.1400146484375,746.3699951171875,746.489990234375,1460328,0.0,0.0,0.0
2026-06-30 13:30:00-04:00,746.510009765625,746.6699829101562,746.1500244140625,746.489990234375,1586679,0.0,0.0,0.0
2026-06-30 14:00:00-04:00,746.489990234375,747.0800170898438,746.3200073242188,746.7999877929688,1602330,0.0,0.0,0.0
2026-06-30 14:30:00-04:00,746.77001953125,747.4400024414062,746.5599975585938,747.1300048828125,1968762,0.0,0.0,0.0
2026-06-30 15:00:00-04:00,747.1300048828125,748.02001953125,747.1099853515625,747.4199829101562,3948667,0.0,0.0,0.0
2026-06-30 15:30:00-04:00,747.4299926757812,747.8599853515625,746.3699951171875,746.47998046875,12901546,0.0,0.0,0.0
2026-07-01 09:30:00-04:00,745.0,745.3400268554688,742.375,745.3200073242188,7042539,0.0,0.0,0.0
2026-07-01 10:00:00-04:00,745.3400268554688,747.02001953125,745.0,746.8200073242188,3160788,0.0,0.0,0.0
2026-07-01 10:30:00-04:00,746.8200073242188,747.1099853515625,745.6900024414062,746.9600219726562,2621361,0.0,0.0,0.0
2026-07-01 11:00:00-04:00,746.989990234375,749.3200073242188,746.9000244140625,749.2899780273438,3500229,0.0,0.0,0.0
2026-07-01 11:30:00-04:00,749.280029296875,749.364990234375,748.3400268554688,748.7899780273438,1746081,0.0,0.0,0.0
2026-07-01 12:00:00-04:00,748.8109741210938,749.4349975585938,748.6699829101562,748.9700927734375,1419219,0.0,0.0,0.0
2026-07-01 12:30:00-04:00,748.97998046875,749.2100219726562,747.322509765625,747.52001953125,1599290,0.0,0.0,0.0
2026-07-01 13:00:00-04:00,747.510009765625,748.4199829101562,747.0399780273438,747.9299926757812,1658199,0.0,0.0,0.0
2026-07-01 13:30:00-04:00,747.9400024414062,748.1799926757812,747.1599731445312,747.1950073242188,1192765,0.0,0.0,0.0
2026-07-01 14:00:00-04:00,747.2000122070312,747.6900024414062,746.7100219726562,747.1400146484375,1682485,0.0,0.0,0.0
2026-07-01 14:30:00-04:00,747.1300048828125,747.3800048828125,746.4500122070312,746.8499755859375,1772120,0.0,0.0,0.0
2026-07-01 15:00:00-04:00,746.8599853515625,747.6900024414062,746.780029296875,746.9400024414062,2376596,0.0,0.0,0.0
2026-07-01 15:30:00-04:00,746.9400024414062,747.3099975585938,745.1599731445312,745.7000122070312,8202050,0.0,0.0,0.0
2026-07-02 09:30:00-04:00,747.4000244140625,751.2449951171875,747.0999755859375,750.760009765625,5371211,0.0,0.0,0.0
2026-07-02 10:00:00-04:00,750.780029296875,751.3099975585938,747.6099853515625,747.9400024414062,3477279,0.0,0.0,0.0
2026-07-02 10:30:00-04:00,747.9500122070312,749.3800048828125,746.02001953125,747.6599731445312,2970394,0.0,0.0,0.0
2026-07-02 11:00:00-04:00,747.6500244140625,747.8280029296875,744.2000122070312,744.9099731445312,3225848,0.0,0.0,0.0
2026-07-02 11:30:00-04:00,744.8800048828125,746.7100219726562,744.0499877929688,744.64501953125,2013499,0.0,0.0,0.0
2026-07-02 12:00:00-04:00,744.6500244140625,744.8699951171875,743.3699951171875,743.5399780273438,1953305,0.0,0.0,0.0
2026-07-02 12:30:00-04:00,743.5599975585938,743.5700073242188,741.8099975585938,742.1799926757812,2608612,0.0,0.0,0.0
2026-07-02 13:00:00-04:00,742.2000122070312,742.280029296875,740.3699951171875,741.530029296875,3884839,0.0,0.0,0.0
2026-07-02 13:30:00-04:00,741.5399780273438,742.0999755859375,740.030029296875,740.239990234375,2104678,0.0,0.0,0.0
2026-07-02 14:00:00-04:00,740.260009765625,742.9000244140625,740.0499877929688,742.719970703125,2043129,0.0,0.0,0.0
2026-07-02 14:30:00-04:00,742.7100219726562,743.510009765625,742.530029296875,742.989501953125,1979910,0.0,0.0,0.0
2026-07-02 15:00:00-04:00,742.989990234375,743.1301879882812,741.27001953125,742.3099975585938,2698654,0.0,0.0,0.0
2026-07-02 15:30:00-04:00,742.3400268554688,745.5800170898438,742.1699829101562,744.8400268554688,10800864,0.0,0.0,0.0
2026-07-06 09:30:00-04:00,748.739990234375,749.5399780273438,747.4099731445312,748.5,5296078,0.0,0.0,0.0
2026-07-06 10:00:00-04:00,748.5399780273438,749.97998046875,747.969970703125,749.9400024414062,4206595,0.0,0.0,0.0
2026-07-06 10:30:00-04:00,749.9299926757812,750.2750244140625,749.0999755859375,750.2750244140625,2441294,0.0,0.0,0.0
2026-07-06 11:00:00-04:00,750.280029296875,750.8099975585938,749.6099853515625,750.760009765625,2565890,0.0,0.0,0.0
2026-07-06 11:30:00-04:00,750.780029296875,750.969970703125,750.3499755859375,750.8400268554688,1999546,0.0,0.0,0.0
2026-07-06 12:00:00-04:00,750.8300170898438,751.1199951171875,750.5499877929688,750.6500244140625,1858245,0.0,0.0,0.0
2026-07-06 12:30:00-04:00,750.6500244140625,751.0800170898438,750.3699951171875,750.4600219726562,1850076,0.0,0.0,0.0
2026-07-06 13:00:00-04:00,750.47998046875,751.530029296875,750.405029296875,750.7000122070312,2156771,0.0,0.0,0.0
2026-07-06 13:30:00-04:00,750.7000122070312,750.75,749.6300048828125,750.1298828125,1544998,0.0,0.0,0.0
2026-07-06 14:00:00-04:00,750.1300048828125,751.6063842773438,750.1300048828125,751.3300170898438,2025669,0.0,0.0,0.0
2026-07-06 14:30:00-04:00,751.3300170898438,752.0250244140625,751.010009765625,751.9299926757812,2110228,0.0,0.0,0.0
2026-07-06 15:00:00-04:00,751.9400024414062,752.4099731445312,751.6599731445312,752.2899780273438,3650250,0.0,0.0,0.0
2026-07-06 15:30:00-04:00,752.280029296875,752.2899780273438,750.77001953125,751.3099975585938,10857183,0.0,0.0,0.0
2026-07-07 09:30:00-04:00,750.219970703125,750.9600219726562,748.25,748.8499755859375,5277289,0.0,0.0,0.0
2026-07-07 10:00:00-04:00,748.8504028320312,749.2000122070312,746.0900268554688,746.7000122070312,3612860,0.0,0.0,0.0
2026-07-07 10:30:00-04:00,746.6799926757812,747.010009765625,745.2100219726562,746.4450073242188,3491164,0.0,0.0,0.0
2026-07-07 11:00:00-04:00,746.4600219726562,746.6799926757812,745.760009765625,746.3690185546875,1945629,0.0,0.0,0.0
2026-07-07 11:30:00-04:00,746.3599853515625,747.4500122070312,745.4299926757812,747.3599853515625,1835261,0.0,0.0,0.0
2026-07-07 12:00:00-04:00,747.3800048828125,748.989990234375,747.25,748.77001953125,2242757,0.0,0.0,0.0
2026-07-07 12:30:00-04:00,748.7650146484375,749.1300048828125,748.239990234375,748.9600219726562,2110280,0.0,0.0,0.0
2026-07-07 13:00:00-04:00,748.9600219726562,749.3400268554688,748.4199829101562,748.8400268554688,1581698,0.0,0.0,0.0
2026-07-07 13:30:00-04:00,748.8499755859375,749.27001953125,748.6500244140625,749.1799926757812,1333534,0.0,0.0,0.0
2026-07-07 14:00:00-04:00,749.1799926757812,749.2999877929688,748.8300170898438,748.989990234375,1641285,0.0,0.0,0.0
2026-07-07 14:30:00-04:00,749.0,749.0700073242188,747.4199829101562,747.510009765625,2669090,0.0,0.0,0.0
2026-07-07 15:00:00-04:00,747.5,747.7000122070312,746.0,746.7000122070312,4318999,0.0,0.0,0.0
2026-07-07 15:30:00-04:00,746.6699829101562,747.969970703125,746.3800048828125,747.7000122070312,7041325,0.0,0.0,0.0
2026-07-08 09:30:00-04:00,743.1599731445312,744.9249877929688,742.6400146484375,744.02001953125,6854143,0.0,0.0,0.0
2026-07-08 10:00:00-04:00,744.030029296875,744.7000122070312,742.6799926757812,743.1099853515625,3380513,0.0,0.0,0.0
2026-07-08 10:30:00-04:00,743.0900268554688,743.6900024414062,740.9299926757812,741.8400268554688,3284955,0.0,0.0,0.0
2026-07-08 11:00:00-04:00,741.8300170898438,742.030029296875,739.5499877929688,739.9400024414062,2786285,0.0,0.0,0.0
2026-07-08 11:30:00-04:00,739.9600219726562,741.27001953125,739.510009765625,740.6400146484375,2399105,0.0,0.0,0.0
2026-07-08 12:00:00-04:00,740.6799926757812,743.469970703125,740.6099853515625,743.0999755859375,2163849,0.0,0.0,0.0
2026-07-08 12:30:00-04:00,743.0900268554688,744.75,742.4500122070312,744.6799926757812,2351742,0.0,0.0,0.0
2026-07-08 13:00:00-04:00,744.6599731445312,745.780029296875,743.9849853515625,745.719970703125,1870609,0.0,0.0,0.0
2026-07-08 13:30:00-04:00,745.72998046875,746.0900268554688,743.9500122070312,744.3900146484375,1787592,0.0,0.0,0.0
2026-07-08 14:00:00-04:00,744.3800048828125,745.510009765625,744.0,744.6699829101562,1869951,0.0,0.0,0.0
2026-07-08 14:30:00-04:00,744.6699829101562,745.5,744.260009765625,745.3300170898438,1528021,0.0,0.0,0.0
2026-07-08 15:00:00-04:00,745.3400268554688,745.7249755859375,744.6799926757812,745.1900024414062,1676443,0.0,0.0,0.0
2026-07-08 15:30:00-04:00,745.2000122070312,746.1500244140625,744.4099731445312,745.2899780273438,5785310,0.0,0.0,0.0
2026-07-09 09:30:00-04:00,747.3499755859375,749.22998046875,745.6799926757812,748.6699829101562,6035638,0.0,0.0,0.0
2026-07-09 10:00:00-04:00,748.6900024414062,749.02001953125,745.5900268554688,747.8798828125,4081512,0.0,0.0,0.0
2026-07-09 10:30:00-04:00,747.8599853515625,748.9199829101562,747.0999755859375,748.72998046875,1583214,0.0,0.0,0.0
2026-07-09 11:00:00-04:00,748.719970703125,749.97998046875,748.5999755859375,749.7999877929688,1817332,0.0,0.0,0.0
2026-07-09 11:30:00-04:00,749.780029296875,750.25,749.4849853515625,749.8699951171875,1203647,0.0,0.0,0.0
2026-07-09 12:00:00-04:00,749.8800048828125,750.8200073242188,749.8699951171875,750.6400146484375,2642471,0.0,0.0,0.0
2026-07-09 12:30:00-04:00,750.6400146484375,750.89990234375,750.239990234375,750.4400024414062,1774008,0.0,0.0,0.0
2026-07-09 13:00:00-04:00,750.4500122070312,751.7899780273438,750.4000244140625,751.7550048828125,1389230,0.0,0.0,0.0
2026-07-09 13:30:00-04:00,751.760009765625,751.969970703125,751.1799926757812,751.6300048828125,1525583,0.0,0.0,0.0
2026-07-09 14:00:00-04:00,751.625,751.864990234375,751.239990234375,751.4505004882812,1669918,0.0,0.0,0.0
2026-07-09 14:30:00-04:00,751.4500122070312,751.5894775390625,750.8599853515625,751.0499267578125,2317771,0.0,0.0,0.0
2026-07-09 15:00:00-04:00,751.0499877929688,751.469970703125,750.6600952148438,751.0999755859375,2073667,0.0,0.0,0.0
2026-07-09 15:30:00-04:00,751.0900268554688,751.6699829101562,750.8300170898438,751.6500244140625,6207463,0.0,0.0,0.0
2026-07-10 09:30:00-04:00,752.0499877929688,753.2349853515625,751.7999877929688,752.9149780273438,3609423,0.0,0.0,0.0
2026-07-10 10:00:00-04:00,752.9199829101562,753.3499755859375,752.1099853515625,752.586181640625,1945805,0.0,0.0,0.0
2026-07-10 10:30:00-04:00,752.5858764648438,753.25,748.0999755859375,751.2199096679688,4848107,0.0,0.0,0.0
2026-07-10 11:00:00-04:00,751.1799926757812,753.4199829101562,750.6519775390625,753.25,1530380,0.0,0.0,0.0
2026-07-10 11:30:00-04:00,753.25,753.3900146484375,751.3800048828125,752.8175048828125,1718093,0.0,0.0,0.0
2026-07-10 12:00:00-04:00,752.8099975585938,753.6900024414062,752.8099975585938,753.2100219726562,1461123,0.0,0.0,0.0
2026-07-10 12:30:00-04:00,753.2100219726562,754.1400146484375,753.030029296875,754.010009765625,1743271,0.0,0.0,0.0
2026-07-10 13:00:00-04:00,754.010009765625,754.0599975585938,753.47998046875,754.010009765625,2932558,0.0,0.0,0.0
2026-07-10 13:30:00-04:00,754.02001953125,754.4099731445312,753.875,753.989990234375,1288422,0.0,0.0,0.0
2026-07-10 14:00:00-04:00,754.0,754.719970703125,753.9299926757812,754.4299926757812,1875379,0.0,0.0,0.0
2026-07-10 14:30:00-04:00,754.4199829101562,754.6599731445312,754.3099975585938,754.4949951171875,1383265,0.0,0.0,0.0
2026-07-10 15:00:00-04:00,754.4949951171875,755.1799926757812,754.4550170898438,754.9600219726562,3340943,0.0,0.0,0.0
2026-07-10 15:30:00-04:00,754.9600219726562,755.4199829101562,754.5700073242188,754.9000244140625,7855821,0.0,0.0,0.0
2026-07-13 09:30:00-04:00,752.469970703125,753.9099731445312,751.9199829101562,753.6199951171875,4664901,0.0,0.0,0.0
2026-07-13 10:00:00-04:00,753.6300048828125,753.9105224609375,750.2999877929688,753.0900268554688,3941110,0.0,0.0,0.0
2026-07-13 10:30:00-04:00,753.0900268554688,753.2999877929688,751.0,752.7401123046875,2257240,0.0,0.0,0.0
2026-07-13 11:00:00-04:00,752.739990234375,753.0549926757812,751.8812255859375,752.3800048828125,1106521,0.0,0.0,0.0
2026-07-13 11:30:00-04:00,752.3900146484375,752.5250244140625,751.094482421875,751.2349853515625,1405152,0.0,0.0,0.0
2026-07-13 12:00:00-04:00,751.22998046875,751.8099975585938,749.9299926757812,750.2899780273438,1861614,0.0,0.0,0.0
2026-07-13 12:30:00-04:00,750.27001953125,750.6599731445312,748.9299926757812,749.8699951171875,2644464,0.0,0.0,0.0
2026-07-13 13:00:00-04:00,749.9000244140625,750.6400146484375,749.530029296875,749.8099975585938,1651595,0.0,0.0,0.0
2026-07-13 13:30:00-04:00,749.8099975585938,750.260009765625,749.2100219726562,749.2349853515625,1404507,0.0,0.0,0.0
2026-07-13 14:00:00-04:00,749.260009765625,750.2100219726562,749.0399780273438,749.239990234375,2197660,0.0,0.0,0.0
2026-07-13 14:30:00-04:00,749.239990234375,750.0700073242188,748.97021484375,749.5599975585938,3467548,0.0,0.0,0.0
2026-07-13 15:00:00-04:00,749.5800170898438,749.969970703125,748.1699829101562,748.3800048828125,3246916,0.0,0.0,0.0
2026-07-13 15:30:00-04:00,748.3900146484375,749.6099853515625,748.0,749.0999755859375,9398292,0.0,0.0,0.0
2026-07-14 09:30:00-04:00,750.9099731445312,751.7899780273438,749.4400024414062,751.3099975585938,5684264,0.0,0.0,0.0
2026-07-14 10:00:00-04:00,751.3200073242188,751.47998046875,748.6599731445312,750.7100219726562,2549932,0.0,0.0,0.0
2026-07-14 10:30:00-04:00,750.7100219726562,753.3099975585938,750.469970703125,751.7100219726562,2646831,0.0,0.0,0.0
2026-07-14 11:00:00-04:00,751.7100219726562,753.0700073242188,751.280029296875,752.6599731445312,2208897,0.0,0.0,0.0
2026-07-14 11:30:00-04:00,752.6400146484375,752.9000244140625,750.6199951171875,750.97998046875,2104040,0.0,0.0,0.0
2026-07-14 12:00:00-04:00,750.989990234375,751.0499877929688,750.0,750.780029296875,1723177,0.0,0.0,0.0
2026-07-14 12:30:00-04:00,750.780029296875,751.8499755859375,750.6199951171875,751.8499755859375,1188092,0.0,0.0,0.0
2026-07-14 13:00:00-04:00,751.8699951171875,752.6099853515625,751.5,752.2999877929688,1216363,0.0,0.0,0.0
2026-07-14 13:30:00-04:00,752.3200073242188,752.489990234375,751.760009765625,752.2750244140625,844519,0.0,0.0,0.0
2026-07-14 14:00:00-04:00,752.280029296875,752.77001953125,751.9299926757812,752.5,1155832,0.0,0.0,0.0
2026-07-14 14:30:00-04:00,752.4849853515625,752.5999755859375,751.6599731445312,752.1704711914062,2554757,0.0,0.0,0.0
2026-07-14 15:00:00-04:00,752.1900024414062,752.4500122070312,751.77001953125,752.1500244140625,2353794,0.0,0.0,0.0
2026-07-14 15:30:00-04:00,752.1599731445312,752.52001953125,751.7100219726562,751.8699951171875,5518752,0.0,0.0,0.0
2026-07-15 09:30:00-04:00,754.239990234375,755.5800170898438,753.1799926757812,754.4500122070312,4886107,0.0,0.0,0.0
2026-07-15 10:00:00-04:00,754.52001953125,755.5599975585938,753.3499755859375,754.6199951171875,3514710,0.0,0.0,0.0
2026-07-15 10:30:00-04:00,754.6400146484375,754.8699951171875,752.7410278320312,753.460693359375,2544335,0.0,0.0,0.0
2026-07-15 11:00:00-04:00,753.47998046875,754.1599731445312,752.2000122070312,753.60498046875,2035933,0.0,0.0,0.0
2026-07-15 11:30:00-04:00,753.5999755859375,753.8400268554688,752.280029296875,752.6694946289062,1632766,0.0,0.0,0.0
2026-07-15 12:00:00-04:00,752.6400146484375,752.8280029296875,750.4400024414062,750.8300170898438,2397759,0.0,0.0,0.0
2026-07-15 12:30:00-04:00,750.8099975585938,752.3200073242188,750.2000122070312,751.6699829101562,2378828,0.0,0.0,0.0
2026-07-15 13:00:00-04:00,751.6799926757812,752.8499755859375,751.5800170898438,752.8099975585938,2015122,0.0,0.0,0.0
2026-07-15 13:30:00-04:00,752.8099975585938,754.5499877929688,752.8099975585938,754.1901245117188,2091482,0.0,0.0,0.0
2026-07-15 14:00:00-04:00,754.2000122070312,754.8400268554688,754.1400146484375,754.635009765625,2270181,0.0,0.0,0.0
2026-07-15 14:30:00-04:00,754.635009765625,754.9199829101562,753.0999755859375,753.1900024414062,2251067,0.0,0.0,0.0
2026-07-15 15:00:00-04:00,753.1900024414062,753.9299926757812,753.0499877929688,753.6300048828125,2082596,0.0,0.0,0.0
2026-07-15 15:30:00-04:00,753.6300048828125,754.7999877929688,753.0900268554688,754.72998046875,6612755,0.0,0.0,0.0
2026-07-16 09:30:00-04:00,752.760009765625,753.52001953125,750.6699829101562,751.905029296875,4889549,0.0,0.0,0.0
2026-07-16 10:00:00-04:00,751.9000244140625,754.3880004882812,751.6400146484375,754.3499755859375,2925086,0.0,0.0,0.0
2026-07-16 10:30:00-04:00,754.3400268554688,754.5700073242188,753.3400268554688,754.1699829101562,2194190,0.0,0.0,0.0
2026-07-16 11:00:00-04:00,754.2000122070312,754.4400024414062,752.97998046875,753.8001098632812,1798228,0.0,0.0,0.0
2026-07-16 11:30:00-04:00,753.8200073242188,754.405029296875,753.030029296875,753.5700073242188,1521634,0.0,0.0,0.0
2026-07-16 12:00:00-04:00,753.5999755859375,753.5999755859375,751.4500122070312,751.9299926757812,2256825,0.0,0.0,0.0
2026-07-16 12:30:00-04:00,751.9400024414062,752.969970703125,751.5900268554688,752.8599853515625,1668638,0.0,0.0,0.0
2026-07-16 13:00:00-04:00,752.8800048828125,752.9099731445312,752.030029296875,752.7050170898438,1885339,0.0,0.0,0.0
2026-07-16 13:30:00-04:00,752.7100219726562,752.8099975585938,751.0800170898438,751.3099975585938,1887737,0.0,0.0,0.0
2026-07-16 14:00:00-04:00,751.3300170898438,751.7100219726562,750.4600219726562,750.9099731445312,2429354,0.0,0.0,0.0
2026-07-16 14:30:00-04:00,750.9199829101562,750.9299926757812,749.9199829101562,750.22998046875,2133664,0.0,0.0,0.0
2026-07-16 15:00:00-04:00,750.219970703125,750.7000122070312,748.8599853515625,749.0999755859375,3295091,0.0,0.0,0.0
2026-07-16 15:30:00-04:00,749.0800170898438,751.0399780273438,747.8800048828125,750.760009765625,11103382,0.0,0.0,0.0
2026-07-17 09:30:00-04:00,742.0800170898438,744.8300170898438,740.7999877929688,744.8101196289062,9584151,0.0,0.0,0.0
2026-07-17 10:00:00-04:00,744.8099975585938,747.2899780273438,744.6701049804688,746.3350219726562,5986577,0.0,0.0,0.0
2026-07-17 10:30:00-04:00,746.3400268554688,746.7899780273438,744.8499755859375,745.0499877929688,3041326,0.0,0.0,0.0
2026-07-17 11:00:00-04:00,745.0499877929688,745.5700073242188,743.9600219726562,745.4450073242188,2897429,0.0,0.0,0.0
2026-07-17 11:30:00-04:00,745.4400024414062,747.0599975585938,744.4401245117188,746.8699951171875,2658272,0.0,0.0,0.0
2026-07-17 12:00:00-04:00,746.8800048828125,747.0999755859375,744.8300170898438,745.9400024414062,4703726,0.0,0.0,0.0
2026-07-17 12:30:00-04:00,745.9500122070312,747.27001953125,745.5399780273438,746.3200073242188,1757632,0.0,0.0,0.0
2026-07-17 13:00:00-04:00,746.3699951171875,747.1699829101562,745.969970703125,746.8699951171875,2899232,0.0,0.0,0.0
2026-07-17 13:30:00-04:00,746.8800048828125,746.989990234375,744.3800048828125,744.5800170898438,2078049,0.0,0.0,0.0
2026-07-17 14:00:00-04:00,744.5800170898438,745.1400146484375,743.239990234375,743.7100219726562,3013900,0.0,0.0,0.0
2026-07-17 14:30:00-04:00,743.6900024414062,744.6599731445312,743.094970703125,744.3699951171875,2441437,0.0,0.0,0.0
2026-07-17 15:00:00-04:00,744.3900146484375,744.469970703125,742.1300048828125,743.1599731445312,3087624,0.0,0.0,0.0
2026-07-17 15:30:00-04:00,743.1699829101562,744.4000244140625,742.5999755859375,743.155029296875,8770712,0.0,0.0,0.0
2026-07-20 09:30:00-04:00,747.0599975585938,748.72998046875,745.52001953125,745.6900024414062,5549142,0.0,0.0,0.0
2026-07-20 10:00:00-04:00,745.6799926757812,746.3599853515625,744.260009765625,745.6799926757812,2751015,0.0,0.0,0.0
2026-07-20 10:30:00-04:00,745.6900024414062,745.9600219726562,743.6900024414062,744.1099853515625,2480756,0.0,0.0,0.0
2026-07-20 11:00:00-04:00,744.1400146484375,745.969970703125,743.8049926757812,745.8699951171875,2142121,0.0,0.0,0.0
2026-07-20 11:30:00-04:00,745.8900146484375,746.4400024414062,745.0999755859375,745.989990234375,1586631,0.0,0.0,0.0
2026-07-20 12:00:00-04:00,746.0,747.0050048828125,745.5800170898438,746.5,2160446,0.0,0.0,0.0
2026-07-20 12:30:00-04:00,746.489990234375,746.780029296875,744.5,745.0,2831992,0.0,0.0,0.0
2026-07-20 13:00:00-04:00,745.010009765625,745.2100219726562,743.5599975585938,744.1199951171875,1761282,0.0,0.0,0.0
2026-07-20 13:30:00-04:00,744.1300048828125,744.9199829101562,743.5900268554688,744.5499877929688,1689506,0.0,0.0,0.0
2026-07-20 14:00:00-04:00,744.5499877929688,745.3800048828125,744.1300048828125,744.469970703125,2173214,0.0,0.0,0.0
2026-07-20 14:30:00-04:00,744.469970703125,744.489990234375,742.4299926757812,742.719970703125,2656711,0.0,0.0,0.0
2026-07-20 15:00:00-04:00,742.760009765625,743.1900024414062,741.5103149414062,742.72998046875,4002103,0.0,0.0,0.0
2026-07-20 15:30:00-04:00,742.739990234375,743.3400268554688,741.6099853515625,742.1400146484375,9175383,0.0,0.0,0.0
2026-07-21 09:30:00-04:00,746.2899780273438,746.6799926757812,744.1799926757812,745.3599853515625,4476742,0.0,0.0,0.0
2026-07-21 10:00:00-04:00,745.3699951171875,746.989990234375,744.7899780273438,746.8699951171875,1823019,0.0,0.0,0.0
2026-07-21 10:30:00-04:00,746.8499755859375,747.260009765625,745.77001953125,746.739990234375,1709704,0.0,0.0,0.0
2026-07-21 11:00:00-04:00,746.77001953125,748.010009765625,745.8300170898438,748.0,1761374,0.0,0.0,0.0
2026-07-21 11:30:00-04:00,747.97998046875,748.0,747.4099731445312,747.52001953125,1482425,0.0,0.0,0.0
2026-07-21 12:00:00-04:00,747.52001953125,748.75,747.489990234375,748.6599731445312,1335447,0.0,0.0,0.0
2026-07-21 12:30:00-04:00,748.6400146484375,749.0399780273438,748.4000244140625,748.6900024414062,1370307,0.0,0.0,0.0
2026-07-21 13:00:00-04:00,748.6884155273438,748.85498046875,748.239990234375,748.3599853515625,1709729,0.0,0.0,0.0
2026-07-21 13:30:00-04:00,748.3599853515625,748.9299926757812,748.2150268554688,748.5900268554688,1315968,0.0,0.0,0.0
2026-07-21 14:00:00-04:00,748.5900268554688,748.77001953125,748.0650024414062,748.2100219726562,1440640,0.0,0.0,0.0
2026-07-21 14:30:00-04:00,748.219970703125,748.6400146484375,747.9400024414062,748.3699951171875,1323159,0.0,0.0,0.0
2026-07-21 15:00:00-04:00,748.3800048828125,748.469970703125,748.0900268554688,748.260009765625,1560059,0.0,0.0,0.0
2026-07-21 15:30:00-04:00,748.25,748.7000122070312,748.0900268554688,748.3300170898438,5062511,0.0,0.0,0.0
2026-07-22 09:30:00-04:00,746.6199951171875,748.7849731445312,746.3699951171875,748.780029296875,3890582,0.0,0.0,0.0
2026-07-22 10:00:00-04:00,748.77001953125,749.3800048828125,747.0900268554688,747.2999877929688,2023277,0.0,0.0,0.0
2026-07-22 10:30:00-04:00,747.2899780273438,747.9769897460938,746.6799926757812,747.9349975585938,1979975,0.0,0.0,0.0
2026-07-22 11:00:00-04:00,747.9299926757812,749.6799926757812,747.8900146484375,749.4099731445312,1721151,0.0,0.0,0.0
2026-07-22 11:30:00-04:00,749.4199829101562,749.7899780273438,748.7506713867188,749.760009765625,1130246,0.0,0.0,0.0
2026-07-22 12:00:00-04:00,749.760009765625,750.02001953125,749.489990234375,749.8499755859375,1295030,0.0,0.0,0.0
2026-07-22 12:30:00-04:00,749.8599853515625,750.0048217773438,749.47998046875,749.8300170898438,1130206,0.0,0.0,0.0
2026-07-22 13:00:00-04:00,749.8350219726562,749.9600219726562,748.9500122070312,749.0444946289062,2071335,0.0,0.0,0.0
2026-07-22 13:30:00-04:00,749.0499877929688,749.4099731445312,748.3900146484375,748.52001953125,1569074,0.0,0.0,0.0
2026-07-22 14:00:00-04:00,748.5150146484375,748.7100219726562,748.010009765625,748.489990234375,1456208,0.0,0.0,0.0
2026-07-22 14:30:00-04:00,748.489990234375,748.5999755859375,748.0499877929688,748.4099731445312,1398295,0.0,0.0,0.0
2026-07-22 15:00:00-04:00,748.4400024414062,748.4600219726562,747.6500244140625,748.0,1429333,0.0,0.0,0.0
2026-07-22 15:30:00-04:00,748.0,748.2999877929688,747.2949829101562,747.3300170898438,6408942,0.0,0.0,0.0
2026-07-23 09:30:00-04:00,739.3699951171875,742.5599975585938,738.469970703125,739.5750122070312,8123918,0.0,0.0,0.0
2026-07-23 10:00:00-04:00,739.5800170898438,740.9299926757812,738.8699951171875,739.7999877929688,2993597,0.0,0.0,0.0
2026-07-23 10:30:00-04:00,739.739990234375,740.6400146484375,738.010009765625,738.3099975585938,2968762,0.0,0.0,0.0
2026-07-23 11:00:00-04:00,738.3200073242188,738.47998046875,735.8099975585938,735.9298706054688,4787947,0.0,0.0,0.0
2026-07-23 11:30:00-04:00,735.9099731445312,737.9000244140625,735.2100219726562,737.844970703125,3057930,0.0,0.0,0.0
2026-07-23 12:00:00-04:00,737.844970703125,739.6599731445312,737.530029296875,739.4500122070312,3328804,0.0,0.0,0.0
2026-07-23 12:30:00-04:00,739.4500122070312,739.719970703125,737.75,738.6599731445312,1806884,0.0,0.0,0.0
2026-07-23 13:00:00-04:00,738.6699829101562,739.2000122070312,737.7899780273438,738.75,3404940,0.0,0.0,0.0
2026-07-23 13:30:00-04:00,738.739990234375,738.7999877929688,737.1300048828125,737.1900024414062,1461191,0.0,0.0,0.0
2026-07-23 14:00:00-04:00,737.1599731445312,737.489990234375,736.8001098632812,737.4199829101562,1698412,0.0,0.0,0.0
2026-07-23 14:30:00-04:00,737.4149780273438,737.6900024414062,736.6099853515625,737.0499877929688,2392807,0.0,0.0,0.0
2026-07-23 15:00:00-04:00,737.0800170898438,737.9000244140625,736.469970703125,737.47998046875,2084518,0.0,0.0,0.0
2026-07-23 15:30:00-04:00,737.489990234375,738.6400146484375,735.719970703125,738.1699829101562,11577394,0.0,0.0,0.0
2026-07-24 09:30:00-04:00,738.510009765625,739.8800048828125,737.4299926757812,737.530029296875,4010265,0.0,0.0,0.0
2026-07-24 10:00:00-04:00,737.5,739.9500122070312,737.3330078125,739.1799926757812,3985301,0.0,0.0,0.0
2026-07-24 10:30:00-04:00,739.1900024414062,740.7000122070312,737.4299926757812,740.5900268554688,2579873,0.0,0.0,0.0
2026-07-24 11:00:00-04:00,740.5900268554688,743.1300048828125,739.5800170898438,742.6099853515625,3753412,0.0,0.0,0.0
2026-07-24 11:30:00-04:00,742.5999755859375,743.25,742.0,743.0150146484375,1712224,0.0,0.0,0.0
2026-07-24 12:00:00-04:00,743.0399780273438,743.719970703125,742.6400146484375,743.1900024414062,2096913,0.0,0.0,0.0
2026-07-24 12:30:00-04:00,743.1699829101562,743.1900024414062,740.739990234375,741.4500122070312,1721178,0.0,0.0,0.0
2026-07-24 13:00:00-04:00,741.469970703125,741.8400268554688,740.2301025390625,741.7100219726562,1533379,0.0,0.0,0.0
2026-07-24 13:30:00-04:00,741.75,742.169189453125,740.9199829101562,740.97998046875,1180623,0.0,0.0,0.0
2026-07-24 14:00:00-04:00,740.989990234375,741.2899780273438,739.0,739.0349731445312,2079784,0.0,0.0,0.0
2026-07-24 14:30:00-04:00,739.0499877929688,739.1599731445312,737.6400146484375,738.3800048828125,3024210,0.0,0.0,0.0
2026-07-24 15:00:00-04:00,738.3900146484375,738.89501953125,737.2899780273438,737.6500244140625,4396913,0.0,0.0,0.0
2026-07-24 15:30:00-04:00,737.719970703125,739.0999755859375,737.6400146484375,738.8599853515625,8647889,0.0,0.0,0.0
2026-07-27 09:30:00-04:00,744.9099731445312,745.530029296875,741.5999755859375,741.5999755859375,4718287,0.0,0.0,0.0
2026-07-27 10:00:00-04:00,741.5999755859375,742.1300048828125,738.2000122070312,738.3150024414062,4520096,0.0,0.0,0.0
2026-07-27 10:30:00-04:00,738.3300170898438,739.8800048828125,736.5399780273438,739.6901245117188,3965963,0.0,0.0,0.0
2026-07-27 11:00:00-04:00,739.719970703125,740.3099975585938,737.8800048828125,738.2899780273438,2775516,0.0,0.0,0.0
2026-07-27 11:30:00-04:00,738.27001953125,738.27001953125,736.3350219726562,737.4849853515625,1651374,0.0,0.0,0.0
2026-07-27 12:00:00-04:00,737.4924926757812,739.6799926757812,736.8599853515625,738.719970703125,2107427,0.0,0.0,0.0
2026-07-27 12:30:00-04:00,738.719970703125,739.3499755859375,736.6400146484375,737.0570068359375,1101104,0.0,0.0,0.0
2026-07-27 13:00:00-04:00,737.0700073242188,737.0999755859375,735.8699951171875,736.2000122070312,1528985,0.0,0.0,0.0
2026-07-27 13:30:00-04:00,736.219970703125,737.8499755859375,736.1799926757812,737.7999877929688,968034,0.0,0.0,0.0
2026-07-27 14:00:00-04:00,737.8400268554688,737.969970703125,737.030029296875,737.6199951171875,1386950,0.0,0.0,0.0
2026-07-27 14:30:00-04:00,737.6400146484375,739.25,736.6199951171875,739.0599975585938,2158102,0.0,0.0,0.0
2026-07-27 15:00:00-04:00,739.0599975585938,739.77001953125,738.489990234375,739.6500244140625,2059194,0.0,0.0,0.0
2026-07-27 15:30:00-04:00,739.6500244140625,739.8499755859375,738.5,739.02001953125,8369856,0.0,0.0,0.0
2026-07-28 09:30:00-04:00,739.1900024414062,739.47998046875,735.97998046875,736.5,6866537,0.0,0.0,0.0
2026-07-28 10:00:00-04:00,736.489990234375,738.2150268554688,736.27001953125,737.7000122070312,3092941,0.0,0.0,0.0
2026-07-28 10:30:00-04:00,737.719970703125,739.8200073242188,737.1500244140625,738.6400146484375,3411459,0.0,0.0,0.0
2026-07-28 11:00:00-04:00,738.7000122070312,741.9000244140625,738.010009765625,741.2000122070312,3377176,0.0,0.0,0.0
2026-07-28 11:30:00-04:00,741.1699829101562,742.4500122070312,740.9910278320312,742.2150268554688,1642901,0.0,0.0,0.0
2026-07-28 12:00:00-04:00,742.2050170898438,742.3499755859375,741.2100219726562,741.2100219726562,1634119,0.0,0.0,0.0
2026-07-28 12:30:00-04:00,741.22998046875,742.7901000976562,740.9199829101562,742.6099853515625,1568677,0.0,0.0,0.0
2026-07-28 13:00:00-04:00,742.6099853515625,742.780029296875,741.0800170898438,741.3099975585938,1525889,0.0,0.0,0.0
2026-07-28 13:30:00-04:00,741.2999877929688,741.9199829101562,740.510009765625,741.1900024414062,1271794,0.0,0.0,0.0
2026-07-28 14:00:00-04:00,741.2000122070312,741.52001953125,740.4199829101562,740.5900268554688,1595805,0.0,0.0,0.0
2026-07-28 14:30:00-04:00,740.5900268554688,741.614990234375,740.5,741.4500122070312,1496561,0.0,0.0,0.0
2026-07-28 15:00:00-04:00,741.4500122070312,741.9600219726562,741.3099975585938,741.7000122070312,3800186,0.0,0.0,0.0
2026-07-28 15:30:00-04:00,741.7100219726562,741.72998046875,740.4299926757812,740.760009765625,8721310,0.0,0.0,0.0
2026-07-29 09:30:00-04:00,739.969970703125,740.3900146484375,736.6099853515625,737.3599853515625,5005725,0.0,0.0,0.0
2026-07-29 10:00:00-04:00,737.4299926757812,738.3300170898438,734.260009765625,734.9199829101562,3959937,0.0,0.0,0.0
2026-07-29 10:30:00-04:00,734.9099731445312,735.8400268554688,733.7899780273438,734.8200073242188,2524138,0.0,0.0,0.0
2026-07-29 11:00:00-04:00,734.8200073242188,735.6599731445312,734.3499755859375,734.4403076171875,1872145,0.0,0.0,0.0
2026-07-29 11:30:00-04:00,734.4199829101562,734.989990234375,733.02001953125,733.72998046875,1560951,0.0,0.0,0.0
2026-07-29 12:00:00-04:00,733.760009765625,734.030029296875,731.72998046875,733.8499755859375,2541177,0.0,0.0,0.0
2026-07-29 12:30:00-04:00,733.8400268554688,734.8699951171875,732.8800048828125,734.8699951171875,2109745,0.0,0.0,0.0
2026-07-29 13:00:00-04:00,734.8800048828125,737.239990234375,734.739990234375,735.739990234375,2287570,0.0,0.0,0.0
2026-07-29 13:30:00-04:00,735.75,736.4199829101562,735.27001953125,736.407470703125,1745326,0.0,0.0,0.0
2026-07-29 14:00:00-04:00,736.3699951171875,739.5499877929688,736.3182983398438,737.3099975585938,4539836,0.0,0.0,0.0
2026-07-29 14:30:00-04:00,737.3599853515625,742.6799926757812,735.9500122070312,741.9500122070312,4868213,0.0,0.0,0.0
2026-07-29 15:00:00-04:00,741.9450073242188,742.5900268554688,734.2805786132812,735.1500244140625,5737212,0.0,0.0,0.0
2026-07-29 15:30:00-04:00,735.2100219726562,735.739990234375,729.0999755859375,729.5399780273438,19745974,0.0,0.0,0.0
2026-07-30 09:30:00-04:00,736.0499877929688,738.6599731445312,734.6300048828125,738.625,8908925,0.0,0.0,0.0
2026-07-30 10:00:00-04:00,738.625,739.2999877929688,737.3800048828125,738.5797729492188,4554105,0.0,0.0,0.0
2026-07-30 10:30:00-04:00,738.6400146484375,739.1099853515625,735.6099243164062,736.22998046875,4300866,0.0,0.0,0.0
2026-07-30 11:00:00-04:00,736.22998046875,736.8200073242188,734.5900268554688,734.7999877929688,3739298,0.0,0.0,0.0
2026-07-30 11:30:00-04:00,734.8400268554688,737.6699829101562,734.6799926757812,737.1300048828125,3055892,0.0,0.0,0.0
2026-07-30 12:00:00-04:00,737.1500244140625,739.219970703125,736.8699951171875,738.760009765625,2803835,0.0,0.0,0.0
2026-07-30 12:30:00-04:00,738.77001953125,739.1699829101562,737.7550048828125,738.9849853515625,1700758,0.0,0.0,0.0
2026-07-30 13:00:00-04:00,738.97998046875,740.239990234375,738.9799194335938,739.760009765625,2378203,0.0,0.0,0.0
2026-07-30 13:30:00-04:00,739.7650146484375,740.3800048828125,739.1900024414062,739.780029296875,2141706,0.0,0.0,0.0
2026-07-30 14:00:00-04:00,739.7849731445312,740.4400024414062,739.7050170898438,740.3800048828125,2068339,0.0,0.0,0.0
2026-07-30 14:30:00-04:00,740.4000244140625,740.8300170898438,740.030029296875,740.77001953125,2254744,0.0,0.0,0.0
2026-07-30 15:00:00-04:00,740.75,742.4500122070312,740.739990234375,741.780029296875,3489882,0.0,0.0,0.0
2026-07-30 15:30:00-04:00,741.77001953125,742.0999755859375,741.0,741.72998046875,12583754,0.0,0.0,0.0
2026-07-31 09:30:00-04:00,744.6799926757812,746.301025390625,741.5499877929688,741.9400024414062,7567097,0.0,0.0,0.0
2026-07-31 10:00:00-04:00,741.9400024414062,742.364990234375,737.6799926757812,740.489990234375,6281497,0.0,0.0,0.0
2026-07-31 10:30:00-04:00,740.47998046875,742.9500122070312,740.1300048828125,742.5,3225915,0.0,0.0,0.0
2026-07-31 11:00:00-04:00,742.530029296875,743.0999755859375,740.0900268554688,740.2999877929688,2403553,0.0,0.0,0.0
2026-07-31 11:30:00-04:00,740.2899780273438,743.3300170898438,739.8099975585938,743.0908203125,2398088,0.0,0.0,0.0
2026-07-31 12:00:00-04:00,743.0900268554688,744.4299926757812,742.4600219726562,744.4199829101562,2187395,0.0,0.0,0.0
2026-07-31 12:30:00-04:00,744.4299926757812,745.030029296875,743.989990234375,744.6199951171875,1599696,0.0,0.0,0.0
2026-07-31 13:00:00-04:00,744.6199951171875,746.4000244140625,744.5,746.2899780273438,2473009,0.0,0.0,0.0
2026-07-31 13:30:00-04:00,746.2999877929688,746.5,745.1900024414062,745.4400024414062,2632031,0.0,0.0,0.0
2026-07-31 14:00:00-04:00,745.4400024414062,746.4299926757812,745.2949829101562,746.010009765625,2684158,0.0,0.0,0.0
2026-07-31 14:30:00-04:00,746.0399780273438,746.5399780273438,745.6699829101562,746.155029296875,2658280,0.0,0.0,0.0
2026-07-31 15:00:00-04:00,746.1400146484375,747.9199829101562,745.7899780273438,747.489990234375,5184464,0.0,0.0,0.0
2026-07-31 15:30:00-04:00,747.489990234375,748.89501953125,746.3400268554688,746.8099975585938,10315583,0.0,0.0,0.0
2026-08-03 09:30:00-04:00,749.4400024414062,753.638671875,749.0999755859375,753.5999755859375,7682947,0.0,0.0,0.0
2026-08-03 10:00:00-04:00,753.6199951171875,754.780029296875,753.0,754.5,4491183,0.0,0.0,0.0
2026-08-03 10:30:00-04:00,754.5,755.405517578125,754.3099975585938,755.3701171875,4020812,0.0,0.0,0.0
2026-08-03 11:00:00-04:00,755.3800048828125,755.7000122070312,754.7899780273438,755.1099853515625,3516100,0.0,0.0,0.0
2026-08-03 11:30:00-04:00,755.1199951171875,756.2100219726562,755.0750122070312,755.9550170898438,4039322,0.0,0.0,0.0
2026-08-03 12:00:00-04:00,755.9600219726562,756.5999755859375,755.760009765625,756.5700073242188,2511221,0.0,0.0,0.0
2026-08-03 12:30:00-04:00,756.5700073242188,756.6199951171875,756.0150146484375,756.219970703125,2549660,0.0,0.0,0.0
2026-08-03 13:00:00-04:00,756.219970703125,757.155029296875,755.97998046875,757.0850219726562,2381126,0.0,0.0,0.0
2026-08-03 13:30:00-04:00,757.083984375,757.780029296875,757.010009765625,757.6450805664062,4030087,0.0,0.0,0.0
2026-08-03 14:00:00-04:00,757.64501953125,758.3300170898438,757.47998046875,757.5700073242188,2872938,0.0,0.0,0.0
2026-08-03 14:30:00-04:00,757.5800170898438,758.2899780273438,757.3400268554688,757.9349975585938,2861216,0.0,0.0,0.0
2026-08-03 15:00:00-04:00,757.9400024414062,758.5800170898438,757.9400024414062,758.3400268554688,2562557,0.0,0.0,0.0
2026-08-03 15:30:00-04:00,758.3499755859375,758.510009765625,757.4400024414062,757.6699829101562,8420290,0.0,0.0,0.0
2026-08-04 09:30:00-04:00,760.6300048828125,763.47998046875,760.52001953125,763.3900146484375,6402199,0.0,0.0,0.0
2026-08-04 10:00:00-04:00,763.3699951171875,765.3828125,763.0900268554688,764.489990234375,4491433,0.0,0.0,0.0
2026-08-04 10:30:00-04:00,764.489990234375,766.4199829101562,764.0999755859375,766.2999877929688,4144776,0.0,0.0,0.0
2026-08-04 11:00:00-04:00,766.3300170898438,767.8699951171875,766.1699829101562,767.3499755859375,3608226,0.0,0.0,0.0
2026-08-04 11:30:00-04:00,767.3400268554688,768.9000244140625,767.1599731445312,768.4400024414062,3994285,0.0,0.0,0.0
2026-08-04 12:00:00-04:00,768.4450073242188,769.3400268554688,768.1400146484375,769.239990234375,3533123,0.0,0.0,0.0
2026-08-04 12:30:00-04:00,769.219970703125,770.3200073242188,769.0,770.2650146484375,3171892,0.0,0.0,0.0
2026-08-04 13:00:00-04:00,770.27001953125,771.60498046875,770.1649780273438,771.280029296875,3620492,0.0,0.0,0.0
2026-08-04 13:30:00-04:00,771.2899780273438,773.0850219726562,770.9650268554688,771.5700073242188,4021880,0.0,0.0,0.0
2026-08-04 14:00:00-04:00,771.5700073242188,772.4500122070312,771.0800170898438,772.3699951171875,3036334,0.0,0.0,0.0
2026-08-04 14:30:00-04:00,772.3798828125,772.4797973632812,771.4099731445312,772.0700073242188,3337806,0.0,0.0,0.0
2026-08-04 15:00:00-04:00,772.0850219726562,773.1199951171875,772.0499877929688,772.3200073242188,4267396,0.0,0.0,0.0
2026-08-04 15:30:00-04:00,772.3099975585938,773.4099731445312,770.9600219726562,771.280029296875,11014737,0.0,0.0,0.0
2026-08-05 09:30:00-04:00,775.8499755859375,776.8499755859375,774.3900146484375,776.70361328125,7267270,0.0,0.0,0.0
2026-08-05 10:00:00-04:00,776.6699829101562,776.7000122070312,774.75,774.7808837890625,2821347,0.0,0.0,0.0
2026-08-05 10:30:00-04:00,774.780029296875,775.0200805664062,772.5700073242188,773.469970703125,3662121,0.0,0.0,0.0
2026-08-05 11:00:00-04:00,773.4600219726562,773.9500122070312,771.0,771.7100219726562,2983029,0.0,0.0,0.0
2026-08-05 11:30:00-04:00,771.7000122070312,772.52001953125,770.3300170898438,770.64501953125,2192669,0.0,0.0,0.0
2026-08-05 12:00:00-04:00,770.6300048828125,772.1199951171875,769.9099731445312,772.0999755859375,3237352,0.0,0.0,0.0
2026-08-05 12:30:00-04:00,772.0900268554688,772.219970703125,771.2000122070312,771.8524780273438,1947478,0.0,0.0,0.0
2026-08-05 13:00:00-04:00,771.8900146484375,772.1599731445312,771.010009765625,771.3400268554688,1746631,0.0,0.0,0.0
2026-08-05 13:30:00-04:00,771.3300170898438,772.010009765625,771.0700073242188,771.5549926757812,1116581,0.0,0.0,0.0
2026-08-05 14:00:00-04:00,771.5599975585938,772.25,771.5399780273438,771.9400024414062,2078999,0.0,0.0,0.0
2026-08-05 14:30:00-04:00,771.9299926757812,771.9600219726562,771.2000122070312,771.3909912109375,2023005,0.0,0.0,0.0
2026-08-05 15:00:00-04:00,771.4000244140625,771.989013671875,771.239990234375,771.7999267578125,2298971,0.0,0.0,0.0
2026-08-05 15:30:00-04:00,771.780029296875,771.8900146484375,769.510009765625,769.739990234375,5981520,0.0,0.0,0.0
2026-08-06 09:30:00-04:00,770.2100219726562,771.5250244140625,769.0576171875,770.9199829101562,3824044,0.0,0.0,0.0
2026-08-06 10:00:00-04:00,770.9500122070312,771.8200073242188,770.0700073242188,770.4500122070312,1815144,0.0,0.0,0.0
2026-08-06 10:30:00-04:00,770.4500122070312,771.0599975585938,769.530029296875,770.9849853515625,2240102,0.0,0.0,0.0
2026-08-06 11:00:00-04:00,771.0,771.2100219726562,768.6199951171875,769.239990234375,2627339,0.0,0.0,0.0
2026-08-06 11:30:00-04:00,769.239990234375,769.780029296875,767.9500122070312,768.125,2449059,0.0,0.0,0.0
2026-08-06 12:00:00-04:00,768.1599731445312,768.5399780273438,767.4600219726562,768.260009765625,3145568,0.0,0.0,0.0
2026-08-06 12:30:00-04:00,768.27001953125,769.0399780273438,767.9080810546875,768.9600219726562,1376672,0.0,0.0,0.0
2026-08-06 13:00:00-04:00,768.989990234375,769.1799926757812,767.8099975585938,767.8300170898438,1493385,0.0,0.0,0.0
2026-08-06 13:30:00-04:00,767.8300170898438,768.6400146484375,767.719970703125,768.6303100585938,1630666,0.0,0.0,0.0
2026-08-06 14:00:00-04:00,768.6500244140625,769.72998046875,768.4500122070312,769.4299926757812,2156798,0.0,0.0,0.0
2026-08-06 14:30:00-04:00,769.4299926757812,769.469970703125,768.5150146484375,768.9600219726562,1523572,0.0,0.0,0.0
2026-08-06 15:00:00-04:00,768.969970703125,769.7899780273438,768.5700073242188,768.6599731445312,2346787,0.0,0.0,0.0
2026-08-06 15:30:00-04:00,768.655029296875,769.0,767.7000122070312,768.530029296875,6407328,0.0,0.0,0.0
2026-08-07 09:30:00-04:00,771.02001953125,772.3699951171875,770.4600219726562,771.040283203125,5258011,0.0,0.0,0.0
2026-08-07 10:00:00-04:00,771.0700073242188,773.2899780273438,769.6199951171875,773.1900024414062,2914471,0.0,0.0,0.0
2026-08-07 10:30:00-04:00,773.1599731445312,773.3499755859375,771.7100219726562,772.8800048828125,2044994,0.0,0.0,0.0
2026-08-07 11:00:00-04:00,772.8800048828125,773.8900146484375,772.3699951171875,773.6500244140625,2692513,0.0,0.0,0.0
2026-08-07 11:30:00-04:00,773.6599731445312,773.9149780273438,772.8300170898438,773.030029296875,1973286,0.0,0.0,0.0
2026-08-07 12:00:00-04:00,773.0399780273438,773.3800048828125,771.333984375,771.7249755859375,1923375,0.0,0.0,0.0
2026-08-07 12:30:00-04:00,771.7349853515625,772.8599853515625,771.0615234375,771.9650268554688,2968470,0.0,0.0,0.0
2026-08-07 13:00:00-04:00,771.9600830078125,772.4099731445312,771.739990234375,772.0900268554688,1066914,0.0,0.0,0.0
2026-08-07 13:30:00-04:00,772.1099853515625,772.4600219726562,771.72998046875,772.1699829101562,978203,0.0,0.0,0.0
2026-08-07 14:00:00-04:00,772.1649780273438,772.2849731445312,771.4500122070312,771.47998046875,1871165,0.0,0.0,0.0
2026-08-07 14:30:00-04:00,771.4749755859375,771.8099975585938,770.8900146484375,771.7100219726562,1920784,0.0,0.0,0.0
2026-08-07 15:00:00-04:00,771.6799926757812,773.4500122070312,771.6599731445312,773.0750122070312,2990526,0.0,0.0,0.0
2026-08-07 15:30:00-04:00,773.0800170898438,773.8300170898438,772.52001953125,773.1199951171875,6476842,0.0,0.0,0.0
2026-08-10 09:30:00-04:00,772.5999755859375,773.6300048828125,772.5,773.468994140625,4028410,0.0,0.0,0.0
2026-08-10 10:00:00-04:00,773.4199829101562,774.4600219726562,773.3900146484375,774.35498046875,3356674,0.0,0.0,0.0
2026-08-10 10:30:00-04:00,774.35498046875,775.0499877929688,773.5,773.5150146484375,3301886,0.0,0.0,0.0
2026-08-10 11:00:00-04:00,773.510009765625,774.1900024414062,773.3099975585938,773.739990234375,1827500,0.0,0.0,0.0
2026-08-10 11:30:00-04:00,773.760009765625,774.4099731445312,773.1599731445312,774.3099975585938,1516617,0.0,0.0,0.0
2026-08-10 12:00:00-04:00,774.3400268554688,774.4349975585938,773.3499755859375,773.3699951171875,1402008,0.0,0.0,0.0
2026-08-10 12:30:00-04:00,773.3699951171875,773.4879760742188,771.6199951171875,772.9500122070312,2457074,0.0,0.0,0.0
2026-08-10 13:00:00-04:00,772.9400024414062,773.280029296875,772.5,773.1094970703125,1281734,0.0,0.0,0.0
2026-08-10 13:30:00-04:00,773.1099853515625,773.260009765625,772.489990234375,772.739013671875,1118315,0.0,0.0,0.0
2026-08-10 14:00:00-04:00,772.72998046875,773.0599975585938,772.5,772.530029296875,1819818,0.0,0.0,0.0
2026-08-10 14:30:00-04:00,772.52001953125,773.3300170898438,772.3200073242188,773.1900024414062,2461711,0.0,0.0,0.0
2026-08-10 15:00:00-04:00,773.2000122070312,773.4400024414062,772.8800048828125,772.9299926757812,1815878,0.0,0.0,0.0
2026-08-10 15:30:00-04:00,772.9450073242188,773.2899780273438,772.3150024414062,773.0700073242188,5564997,0.0,0.0,0.0
2026-08-11 09:30:00-04:00,774.530029296875,774.5399780273438,772.5800170898438,773.614990234375,3390109,0.0,0.0,0.0
2026-08-11 10:00:00-04:00,773.614990234375,774.0800170898438,773.3300170898438,773.8699951171875,1892579,0.0,0.0,0.0
2026-08-11 10:30:00-04:00,773.8800048828125,774.0349731445312,773.2100219726562,773.6199951171875,1901875,0.0,0.0,0.0
2026-08-11 11:00:00-04:00,773.6300048828125,773.8099975585938,772.2000122070312,772.4010009765625,1928408,0.0,0.0,0.0
2026-08-11 11:30:00-04:00,772.4099731445312,772.5599975585938,771.75,772.0,1804253,0.0,0.0,0.0
2026-08-11 12:00:00-04:00,772.030029296875,772.4500122070312,771.3800048828125,771.8189697265625,3076693,0.0,0.0,0.0
2026-08-11 12:30:00-04:00,771.8175048828125,772.010009765625,771.0399780273438,771.1400146484375,2044917,0.0,0.0,0.0
2026-08-11 13:00:00-04:00,771.1500244140625,771.260009765625,770.260009765625,770.8499755859375,1348143,0.0,0.0,0.0
2026-08-11 13:30:00-04:00,770.8499755859375,771.35498046875,770.72998046875,771.2399291992188,1082096,0.0,0.0,0.0
2026-08-11 14:00:00-04:00,771.219970703125,771.239501953125,769.2000122070312,769.5,1700264,0.0,0.0,0.0
2026-08-11 14:30:00-04:00,769.52001953125,770.4650268554688,769.5150146484375,770.0750122070312,2216668,0.0,0.0,0.0
2026-08-11 15:00:00-04:00,770.0900268554688,770.6900024414062,769.8499755859375,770.6300048828125,1757500,0.0,0.0,0.0
2026-08-11 15:30:00-04:00,770.6300048828125,771.094970703125,769.7899780273438,770.47998046875,5268913,0.0,0.0,0.0
2026-08-12 09:30:00-04:00,774.7100219726562,774.9000244140625,772.0900268554688,772.5900268554688,5137297,0.0,0.0,0.0
2026-08-12 10:00:00-04:00,772.594970703125,773.3049926757812,771.8800048828125,772.7949829101562,2357909,0.0,0.0,0.0
2026-08-12 10:30:00-04:00,772.7899780273438,773.2000122070312,771.2899780273438,772.219970703125,2454133,0.0,0.0,0.0
2026-08-12 11:00:00-04:00,772.2208862304688,772.4099731445312,771.7100219726562,772.3699951171875,1532949,0.0,0.0,0.0
2026-08-12 11:30:00-04:00,772.4000244140625,772.469970703125,771.5599975585938,772.030029296875,1424854,0.0,0.0,0.0
2026-08-12 12:00:00-04:00,772.0150146484375,772.6699829101562,771.969970703125,772.4500122070312,1406238,0.0,0.0,0.0
2026-08-12 12:30:00-04:00,772.4500122070312,773.2000122070312,772.1799926757812,772.905029296875,1337205,0.0,0.0,0.0
2026-08-12 13:00:00-04:00,772.9099731445312,773.2899780273438,772.6099853515625,772.780029296875,1225898,0.0,0.0,0.0
2026-08-12 13:30:00-04:00,772.8300170898438,773.0,772.6414184570312,772.8101196289062,1127437,0.0,0.0,0.0
2026-08-12 14:00:00-04:00,772.8099975585938,773.3099975585938,772.780029296875,773.0900268554688,1290278,0.0,0.0,0.0
2026-08-12 14:30:00-04:00,773.0900268554688,773.6300048828125,773.0399780273438,773.0599975585938,1379968,0.0,0.0,0.0
2026-08-12 15:00:00-04:00,773.0349731445312,773.3800048828125,772.7999877929688,772.97998046875,1912338,0.0,0.0,0.0
2026-08-12 15:30:00-04:00,772.97998046875,773.02001953125,772.0,772.52001953125,3814325,0.0,0.0,0.0
2026-08-13 09:30:00-04:00,774.8699951171875,777.6900024414062,774.1199951171875,777.6099853515625,4159825,0.0,0.0,0.0
2026-08-13 10:00:00-04:00,777.5999755859375,779.25,777.52001953125,779.1900024414062,2405141,0.0,0.0,0.0
2026-08-13 10:30:00-04:00,779.1900024414062,779.3699951171875,777.3800048828125,777.760009765625,2690510,0.0,0.0,0.0
2026-08-13 11:00:00-04:00,777.77001953125,778.22998046875,775.9199829101562,776.1699829101562,2401151,0.0,0.0,0.0
2026-08-13 11:30:00-04:00,776.1799926757812,776.3699951171875,775.3800048828125,775.489990234375,2248977,0.0,0.0,0.0
2026-08-13 12:00:00-04:00,775.47998046875,776.52001953125,775.4600219726562,776.52001953125,1515633,0.0,0.0,0.0
2026-08-13 12:30:00-04:00,776.5250244140625,776.7999877929688,776.2050170898438,776.7000122070312,1163319,0.0,0.0,0.0
2026-08-13 13:00:00-04:00,776.7100219726562,777.47998046875,776.7100219726562,777.1099853515625,843260,0.0,0.0,0.0
2026-08-13 13:30:00-04:00,777.0999755859375,777.239990234375,776.6199951171875,776.7449951171875,769370,0.0,0.0,0.0
2026-08-13 14:00:00-04:00,776.75,777.1699829101562,776.6599731445312,776.97998046875,1622424,0.0,0.0,0.0
2026-08-13 14:30:00-04:00,776.989990234375,777.9299926757812,776.989990234375,777.739990234375,1328407,0.0,0.0,0.0
2026-08-13 15:00:00-04:00,777.75,778.4299926757812,777.719970703125,778.0300903320312,2102027,0.0,0.0,0.0
2026-08-13 15:30:00-04:00,778.030029296875,778.239990234375,777.3499755859375,777.780029296875,7004942,0.0,0.0,0.0
2026-08-14 09:30:00-04:00,778.5399780273438,778.5999755859375,777.6599731445312,778.4299926757812,3098153,0.0,0.0,0.0
2026-08-14 10:00:00-04:00,778.4199829101562,778.7999877929688,777.1300048828125,777.4099731445312,1862270,0.0,0.0,0.0
2026-08-14 10:30:00-04:00,777.4000244140625,777.47998046875,776.739990234375,776.739990234375,1689939,0.0,0.0,0.0
2026-08-14 11:00:00-04:00,776.7449951171875,777.1099853515625,775.8599853515625,776.2999877929688,1863034,0.0,0.0,0.0
2026-08-14 11:30:00-04:00,776.2899780273438,776.4600219726562,775.8099975585938,776.219970703125,2085738,0.0,0.0,0.0
2026-08-14 12:00:00-04:00,776.22998046875,776.8200073242188,776.0999755859375,776.7100219726562,1711117,0.0,0.0,0.0
2026-08-14 12:30:00-04:00,776.7000122070312,776.7349853515625,775.6599731445312,775.7000122070312,1248042,0.0,0.0,0.0
2026-08-14 13:00:00-04:00,775.7000122070312,776.1300048828125,775.6300048828125,775.77001953125,1057738,0.0,0.0,0.0
2026-08-14 13:30:00-04:00,775.780029296875,775.97998046875,775.4301147460938,775.8300170898438,1027514,0.0,0.0,0.0
2026-08-14 14:00:00-04:00,775.8350219726562,776.3300170898438,775.72998046875,775.9249877929688,1757062,0.0,0.0,0.0
2026-08-14 14:30:00-04:00,775.9299926757812,776.4918823242188,775.8200073242188,776.1900024414062,1282255,0.0,0.0,0.0
2026-08-14 15:00:00-04:00,776.1900024414062,776.3300170898438,775.8300170898438,776.155029296875,1800559,0.0,0.0,0.0
2026-08-14 15:30:00-04:00,776.155029296875,776.4199829101562,775.9199829101562,776.2999877929688,3780375,0.0,0.0,0.0
2026-08-17 09:30:00-04:00,776.1799926757812,776.7750244140625,775.1799926757812,775.29052734375,3283860,0.0,0.0,0.0
2026-08-17 10:00:00-04:00,775.2650146484375,775.77001953125,775.0,775.4600219726562,1706778,0.0,0.0,0.0
2026-08-17 10:30:00-04:00,775.4500122070312,775.5899047851562,774.8900146484375,775.27001953125,1802637,0.0,0.0,0.0
2026-08-17 11:00:00-04:00,775.27001953125,775.8599853515625,775.1500244140625,775.7150268554688,1240583,0.0,0.0,0.0
2026-08-17 11:30:00-04:00,775.7150268554688,775.8200073242188,774.7100219726562,775.2999877929688,1508775,0.0,0.0,0.0
2026-08-17 12:00:00-04:00,775.2949829101562,775.6099853515625,775.0599975585938,775.2899780273438,971697,0.0,0.0,0.0
2026-08-17 12:30:00-04:00,775.2999877929688,775.4099731445312,774.6099853515625,774.6799926757812,1045668,0.0,0.0,0.0
2026-08-17 13:00:00-04:00,774.6699829101562,774.780029296875,773.469970703125,773.5800170898438,1886437,0.0,0.0,0.0
2026-08-17 13:30:00-04:00,773.5700073242188,773.8599853515625,773.0999755859375,773.4099731445312,1734902,0.0,0.0,0.0
2026-08-17 14:00:00-04:00,773.4199829101562,773.7999877929688,773.280029296875,773.5900268554688,1751603,0.0,0.0,0.0
2026-08-17 14:30:00-04:00,773.5800170898438,773.8200073242188,773.22998046875,773.5349731445312,1500262,0.0,0.0,0.0
2026-08-17 15:00:00-04:00,773.5349731445312,773.5900268554688,773.1199951171875,773.1199951171875,2021862,0.0,0.0,0.0
2026-08-17 15:30:00-04:00,773.1300048828125,773.3599853515625,772.510009765625,772.6799926757812,8585280,0.0,0.0,0.0
2026-08-18 09:30:00-04:00,768.7000122070312,769.5,767.9099731445312,768.469970703125,5550859,0.0,0.0,0.0
2026-08-18 10:00:00-04:00,768.489990234375,769.27001953125,767.6300048828125,768.6599731445312,3241944,0.0,0.0,0.0
2026-08-18 10:30:00-04:00,768.6400146484375,769.25,767.7100219726562,767.9199829101562,2680578,0.0,0.0,0.0
2026-08-18 11:00:00-04:00,767.9299926757812,768.3800048828125,767.3300170898438,767.8400268554688,2045018,0.0,0.0,0.0
2026-08-18 11:30:00-04:00,767.85498046875,768.6300048828125,767.5999755859375,768.3499755859375,1886587,0.0,0.0,0.0
2026-08-18 12:00:00-04:00,768.3499755859375,768.8699951171875,768.1400146484375,768.2100219726562,1068815,0.0,0.0,0.0
2026-08-18 12:30:00-04:00,768.1900024414062,768.8699951171875,768.0700073242188,768.6300048828125,1200911,0.0,0.0,0.0
2026-08-18 13:00:00-04:00,768.6199951171875,768.8200073242188,768.0800170898438,768.2999877929688,1012228,0.0,0.0,0.0
2026-08-18 13:30:00-04:00,768.2899780273438,768.3925170898438,767.6099853515625,767.6199951171875,971315,0.0,0.0,0.0
2026-08-18 14:00:00-04:00,767.6199951171875,768.5650024414062,767.4500122070312,768.3599853515625,2735372,0.0,0.0,0.0
2026-08-18 14:30:00-04:00,768.35498046875,768.4299926757812,767.6799926757812,767.7000122070312,1462037,0.0,0.0,0.0
2026-08-18 15:00:00-04:00,767.6900024414062,768.1799926757812,767.5599975585938,768.02001953125,1735182,0.0,0.0,0.0
2026-08-18 15:30:00-04:00,768.0150146484375,768.219970703125,766.9249877929688,767.3900146484375,9875618,0.0,0.0,0.0
2026-08-19 09:30:00-04:00,770.3599853515625,770.6300048828125,768.0999755859375,769.989990234375,5570446,0.0,0.0,0.0
2026-08-19 10:00:00-04:00,770.02001953125,770.260009765625,768.72998046875,770.030029296875,2147666,0.0,0.0,0.0
2026-08-19 10:30:00-04:00,769.97998046875,772.2399291992188,769.8101806640625,772.2000122070312,2281727,0.0,0.0,0.0
2026-08-19 11:00:00-04:00,772.1950073242188,772.469970703125,770.8800048828125,771.1087036132812,1634428,0.0,0.0,0.0
2026-08-19 11:30:00-04:00,771.1300048828125,771.1799926757812,770.0700073242188,770.6209106445312,1923612,0.0,0.0,0.0
2026-08-19 12:00:00-04:00,770.6400146484375,771.989990234375,770.4000244140625,770.6699829101562,1194014,0.0,0.0,0.0
2026-08-19 12:30:00-04:00,770.6799926757812,770.7550048828125,769.5,769.6799926757812,2026897,0.0,0.0,0.0
2026-08-19 13:00:00-04:00,769.6900024414062,770.22900390625,769.02001953125,769.5700073242188,1419676,0.0,0.0,0.0
2026-08-19 13:30:00-04:00,769.5800170898438,769.8900146484375,769.1599731445312,769.5076293945312,1138393,0.0,0.0,0.0
2026-08-19 14:00:00-04:00,769.530029296875,770.5499877929688,768.9600219726562,769.5800170898438,1666121,0.0,0.0,0.0
2026-08-19 14:30:00-04:00,769.5800170898438,770.0900268554688,769.47998046875,769.5150146484375,1391184,0.0,0.0,0.0
2026-08-19 15:00:00-04:00,769.530029296875,770.02001953125,769.4299926757812,769.6300048828125,2425685,0.0,0.0,0.0
2026-08-19 15:30:00-04:00,769.6500244140625,770.3800048828125,768.2000122070312,769.0900268554688,7792943,0.0,0.0,0.0
2026-08-20 09:30:00-04:00,765.9600219726562,767.75,765.8599853515625,766.5499877929688,4763625,0.0,0.0,0.0
2026-08-20 10:00:00-04:00,766.5,766.9500122070312,765.3599853515625,766.219970703125,2479992,0.0,0.0,0.0
2026-08-20 10:30:00-04:00,766.2050170898438,767.47998046875,765.9299926757812,767.1500244140625,1917632,0.0,0.0,0.0
2026-08-20 11:00:00-04:00,767.1699829101562,768.1500244140625,765.969970703125,766.75,3537064,0.0,0.0,0.0
2026-08-20 11:30:00-04:00,766.739990234375,766.8699951171875,765.22998046875,765.8400268554688,2163026,0.0,0.0,0.0
2026-08-20 12:00:00-04:00,765.8400268554688,766.0900268554688,765.4500122070312,765.7449951171875,1331052,0.0,0.0,0.0
2026-08-20 12:30:00-04:00,765.739990234375,766.6400146484375,765.3599853515625,766.4199829101562,1368520,0.0,0.0,0.0
2026-08-20 13:00:00-04:00,766.3900146484375,766.4299926757812,764.7100219726562,764.780029296875,1826580,0.0,0.0,0.0
2026-08-20 13:30:00-04:00,764.780029296875,765.010009765625,764.22998046875,764.5399780273438,1622256,0.0,0.0,0.0
2026-08-20 14:00:00-04:00,764.5499877929688,764.5499877929688,763.1500244140625,763.5599975585938,2385374,0.0,0.0,0.0
2026-08-20 14:30:00-04:00,763.5650024414062,763.8499755859375,763.2100219726562,763.239990234375,2145765,0.0,0.0,0.0
2026-08-20 15:00:00-04:00,763.25,763.7999877929688,763.1699829101562,763.489990234375,2591352,0.0,0.0,0.0
2026-08-20 15:30:00-04:00,763.47998046875,763.6500244140625,762.0399780273438,762.6400146484375,10764600,0.0,0.0,0.0
2026-08-21 09:30:00-04:00,766.0499877929688,766.1400146484375,764.1699829101562,764.5123901367188,5199182,0.0,0.0,0.0
2026-08-21 10:00:00-04:00,764.530029296875,765.530029296875,764.4500122070312,764.6500244140625,2997318,0.0,0.0,0.0
2026-08-21 10:30:00-04:00,764.6500244140625,765.8350219726562,764.2150268554688,765.8151245117188,1543879,0.0,0.0,0.0
2026-08-21 11:00:00-04:00,765.8099975585938,766.4099731445312,765.4550170898438,765.9550170898438,2389122,0.0,0.0,0.0
2026-08-21 11:30:00-04:00,765.9600219726562,767.8499755859375,765.8200073242188,767.2000122070312,4984623,0.0,0.0,0.0
2026-08-21 12:00:00-04:00,767.2000122070312,767.3298950195312,765.8699951171875,766.5150146484375,2939409,0.0,0.0,0.0
2026-08-21 12:30:00-04:00,766.510009765625,766.5700073242188,765.8099975585938,766.3900146484375,1522506,0.0,0.0,0.0
2026-08-21 13:00:00-04:00,766.3900146484375,766.530029296875,765.7050170898438,765.7999877929688,1419999,0.0,0.0,0.0
2026-08-21 13:30:00-04:00,765.8200073242188,765.9000244140625,765.4299926757812,765.4299926757812,916662,0.0,0.0,0.0
2026-08-21 14:00:00-04:00,765.4400024414062,765.7349853515625,765.260009765625,765.2849731445312,1044822,0.0,0.0,0.0
2026-08-21 14:30:00-04:00,765.27001953125,766.22998046875,765.0599975585938,766.197509765625,1643202,0.0,0.0,0.0
2026-08-21 15:00:00-04:00,766.2000122070312,766.364990234375,765.8499755859375,766.0499877929688,2116668,0.0,0.0,0.0
2026-08-21 15:30:00-04:00,766.0499877929688,766.7999877929688,765.3400268554688,765.6500244140625,5960378,0.0,0.0,0.0
2026-08-24 09:30:00-04:00,764.780029296875,764.8099975585938,762.0800170898438,763.3900146484375,4853910,0.0,0.0,0.0
2026-08-24 10:00:00-04:00,763.4099731445312,763.9450073242188,762.5,762.9199829101562,2863928,0.0,0.0,0.0
2026-08-24 10:30:00-04:00,762.9199829101562,764.1099853515625,762.780029296875,763.6400146484375,3871863,0.0,0.0,0.0
2026-08-24 11:00:00-04:00,763.6400146484375,764.0062255859375,762.3699951171875,763.7401123046875,1708072,0.0,0.0,0.0
2026-08-24 11:30:00-04:00,763.739990234375,764.72998046875,763.4000244140625,764.5200805664062,1627967,0.0,0.0,0.0
2026-08-24 12:00:00-04:00,764.52001953125,765.219970703125,764.4299926757812,764.8900146484375,1364900,0.0,0.0,0.0
2026-08-24 12:30:00-04:00,764.9099731445312,765.0,764.1199951171875,764.1900024414062,1109324,0.0,0.0,0.0
2026-08-24 13:00:00-04:00,764.2000122070312,764.780029296875,763.3350219726562,763.4000244140625,1339336,0.0,0.0,0.0
2026-08-24 13:30:00-04:00,763.3800048828125,763.5700073242188,763.0499877929688,763.2899780273438,1143566,0.0,0.0,0.0
2026-08-24 14:00:00-04:00,763.3099975585938,764.8400268554688,763.280029296875,764.7999877929688,1491775,0.0,0.0,0.0
2026-08-24 14:30:00-04:00,764.7999877929688,765.1099853515625,763.969970703125,764.0,1268644,0.0,0.0,0.0
2026-08-24 15:00:00-04:00,763.969970703125,764.22998046875,763.8099975585938,763.9600219726562,1106825,0.0,0.0,0.0
2026-08-24 15:30:00-04:00,763.9600219726562,764.239990234375,763.3499755859375,763.47998046875,4502031,0.0,0.0,0.0
2026-08-25 09:30:00-04:00,766.1599731445312,766.780029296875,765.5001220703125,765.6900024414062,3373253,0.0,0.0,0.0
2026-08-25 10:00:00-04:00,765.6900024414062,765.8099975585938,764.6799926757812,764.7000122070312,2140460,0.0,0.0,0.0
2026-08-25 10:30:00-04:00,764.7000122070312,765.0599975585938,763.0501098632812,764.719970703125,2765009,0.0,0.0,0.0
2026-08-25 11:00:00-04:00,764.72998046875,765.3900146484375,764.2999877929688,765.3099975585938,1107347,0.0,0.0,0.0
2026-08-25 11:30:00-04:00,765.3200073242188,765.8499755859375,764.5999755859375,765.4400024414062,1352647,0.0,0.0,0.0
2026-08-25 12:00:00-04:00,765.4600219726562,765.8499755859375,765.3212890625,765.760009765625,1465721,0.0,0.0,0.0
2026-08-25 12:30:00-04:00,765.75,765.9500122070312,765.3300170898438,765.760009765625,708682,0.0,0.0,0.0
2026-08-25 13:00:00-04:00,765.760009765625,765.8400268554688,764.6300048828125,764.8200073242188,1170691,0.0,0.0,0.0
2026-08-25 13:30:00-04:00,764.8200073242188,765.1599731445312,764.739990234375,765.0399780273438,1792723,0.0,0.0,0.0
2026-08-25 14:00:00-04:00,765.030029296875,765.0900268554688,764.719970703125,764.969970703125,1022557,0.0,0.0,0.0
2026-08-25 14:30:00-04:00,764.969970703125,765.8699951171875,764.969970703125,765.6400146484375,1581316,0.0,0.0,0.0
2026-08-25 15:00:00-04:00,765.6500244140625,765.8499755859375,764.8699951171875,765.1500244140625,1920114,0.0,0.0,0.0
2026-08-25 15:30:00-04:00,765.1699829101562,766.219970703125,765.010009765625,765.8350219726562,4402843,0.0,0.0,0.0
2026-08-26 09:30:00-04:00,764.72998046875,766.89990234375,764.6799926757812,766.8900146484375,2959226,0.0,0.0,0.0
2026-08-26 10:00:00-04:00,766.8800048828125,766.9600219726562,764.8300170898438,765.0800170898438,1522009,0.0,0.0,0.0
2026-08-26 10:30:00-04:00,765.0700073242188,765.9400024414062,764.9199829101562,765.8499755859375,1249158,0.0,0.0,0.0
2026-08-26 11:00:00-04:00,765.8699951171875,766.469970703125,765.5599975585938,765.8499755859375,1370104,0.0,0.0,0.0
2026-08-26 11:30:00-04:00,765.8400268554688,766.3099975585938,765.1400146484375,765.3200073242188,1325493,0.0,0.0,0.0
2026-08-26 12:00:00-04:00,765.3300170898438,765.4400024414062,764.72998046875,764.7999877929688,1285940,0.0,0.0,0.0
2026-08-26 12:30:00-04:00,764.7949829101562,764.97998046875,763.9299926757812,764.719970703125,1602030,0.0,0.0,0.0
2026-08-26 13:00:00-04:00,764.7000122070312,765.719970703125,764.5701293945312,765.6500244140625,1177003,0.0,0.0,0.0
2026-08-26 13:30:00-04:00,765.6500244140625,765.8699951171875,765.4400024414062,765.6799926757812,1050028,0.0,0.0,0.0
2026-08-26 14:00:00-04:00,765.6699829101562,765.97998046875,765.3499755859375,765.6099853515625,1216540,0.0,0.0,0.0
2026-08-26 14:30:00-04:00,765.6099853515625,766.6400146484375,765.52001953125,766.510009765625,1897796,0.0,0.0,0.0
2026-08-26 15:00:00-04:00,766.530029296875,767.3499755859375,766.469970703125,766.8900146484375,1776268,0.0,0.0,0.0
2026-08-26 15:30:00-04:00,766.9000244140625,767.2100219726562,765.489990234375,766.010009765625,5080542,0.0,0.0,0.0
2026-08-27 09:30:00-04:00,768.5,769.6900024414062,767.1599731445312,768.4055786132812,5896921,0.0,0.0,0.0
2026-08-27 10:00:00-04:00,768.4000244140625,769.8800048828125,768.0499877929688,769.6749877929688,2351022,0.0,0.0,0.0
2026-08-27 10:30:00-04:00,769.6998901367188,770.4400024414062,769.0599975585938,770.39501953125,1424257,0.0,0.0,0.0
2026-08-27 11:00:00-04:00,770.4099731445312,771.0999755859375,770.2280883789062,770.3150024414062,1487529,0.0,0.0,0.0
2026-08-27 11:30:00-04:00,770.3099975585938,770.8800048828125,769.3900146484375,770.6400146484375,1979166,0.0,0.0,0.0
2026-08-27 12:00:00-04:00,770.6400146484375,770.969970703125,770.3400268554688,770.9099731445312,990577,0.0,0.0,0.0
2026-08-27 12:30:00-04:00,770.9099731445312,772.030029296875,770.8200073242188,771.989990234375,1287903,0.0,0.0,0.0
2026-08-27 13:00:00-04:00,772.02001953125,772.35498046875,771.5999755859375,771.75,1570879,0.0,0.0,0.0
2026-08-27 13:30:00-04:00,771.75,772.0599975585938,771.0999755859375,771.2249755859375,1354550,0.0,0.0,0.0
2026-08-27 14:00:00-04:00,771.2249755859375,771.3900146484375,769.260009765625,769.4600219726562,1852928,0.0,0.0,0.0
2026-08-27 14:30:00-04:00,769.469970703125,770.1199951171875,769.1599731445312,769.6500244140625,1763861,0.0,0.0,0.0
2026-08-27 15:00:00-04:00,769.6500244140625,770.280029296875,769.52001953125,769.9400024414062,2267837,0.0,0.0,0.0
2026-08-27 15:30:00-04:00,769.9450073242188,771.3599853515625,769.8699951171875,771.0399780273438,5493749,0.0,0.0,0.0
2026-08-28 09:30:00-04:00,771.760009765625,772.8699951171875,771.469970703125,771.780029296875,2888399,0.0,0.0,0.0
2026-08-28 10:00:00-04:00,771.7899780273438,773.1300048828125,769.77001953125,771.2999877929688,4082286,0.0,0.0,0.0
2026-08-28 10:30:00-04:00,771.2999877929688,775.0399780273438,770.9000244140625,774.9600830078125,2843832,0.0,0.0,0.0
2026-08-28 11:00:00-04:00,774.97998046875,775.2999877929688,773.8200073242188,774.9500122070312,2243300,0.0,0.0,0.0
2026-08-28 11:30:00-04:00,774.969970703125,775.0,770.8300170898438,771.0700073242188,2563774,0.0,0.0,0.0
2026-08-28 12:00:00-04:00,771.0850219726562,771.6500244140625,769.1400146484375,769.5999755859375,2460619,0.0,0.0,0.0
2026-08-28 12:30:00-04:00,769.5999755859375,770.7000122070312,769.5399780273438,769.6900024414062,2048745,0.0,0.0,0.0
2026-08-28 13:00:00-04:00,769.6799926757812,769.7100219726562,768.3076171875,768.8200073242188,1685339,0.0,0.0,0.0
2026-08-28 13:30:00-04:00,768.8400268554688,769.739990234375,768.5999755859375,769.5399169921875,1037623,0.0,0.0,0.0
2026-08-28 14:00:00-04:00,769.5599975585938,769.7999877929688,768.8900146484375,769.0599975585938,1040209,0.0,0.0,0.0
2026-08-28 14:30:00-04:00,769.0499877929688,769.5800170898438,768.3099975585938,768.6799926757812,1342404,0.0,0.0,0.0
2026-08-28 15:00:00-04:00,768.6799926757812,769.5900268554688,768.469970703125,769.5150146484375,1969371,0.0,0.0,0.0
2026-08-28 15:30:00-04:00,769.510009765625,769.8800048828125,769.02001953125,769.3800048828125,6017243,0.0,0.0,0.0
2026-08-31 09:30:00-04:00,767.3300170898438,767.6199951171875,765.5,766.1799926757812,4296796,0.0,0.0,0.0
2026-08-31 10:00:00-04:00,766.1900024414062,766.2999877929688,764.7150268554688,764.9299926757812,1963017,0.0,0.0,0.0
2026-08-31 10:30:00-04:00,764.885009765625,766.3989868164062,764.7999877929688,765.9500122070312,1532704,0.0,0.0,0.0
2026-08-31 11:00:00-04:00,765.9500122070312,766.4600219726562,765.3800048828125,765.9400024414062,1353588,0.0,0.0,0.0
2026-08-31 11:30:00-04:00,765.9500122070312,766.3400268554688,765.3099975585938,765.419921875,1144274,0.0,0.0,0.0
2026-08-31 12:00:00-04:00,765.4199829101562,765.9500122070312,764.97998046875,765.9000244140625,1262002,0.0,0.0,0.0
2026-08-31 12:30:00-04:00,765.8948974609375,765.97998046875,765.1900024414062,765.8400268554688,1190051,0.0,0.0,0.0
2026-08-31 13:00:00-04:00,765.8499755859375,766.0599975585938,765.3900146484375,765.4199829101562,783155,0.0,0.0,0.0
2026-08-31 13:30:00-04:00,765.4249877929688,766.8099975585938,765.1699829101562,766.52001953125,1100877,0.0,0.0,0.0
2026-08-31 14:00:00-04:00,766.5,766.8400268554688,766.1799926757812,766.2999877929688,1160328,0.0,0.0,0.0
2026-08-31 14:30:00-04:00,766.2999877929688,766.4199829101562,765.0499877929688,765.6699829101562,2182246,0.0,0.0,0.0
2026-08-31 15:00:00-04:00,765.6699829101562,766.75,765.6699829101562,766.635009765625,1637171,0.0,0.0,0.0
2026-08-31 15:30:00-04:00,766.6199951171875,767.9949951171875,766.1799926757812,766.9500122070312,10900072,0.0,0.0,0.0
2026-09-01 09:30:00-04:00,762.010009765625,762.47998046875,761.1799926757812,762.0150146484375,4759481,0.0,0.0,0.0
2026-09-01 10:00:00-04:00,762.02001953125,764.0,761.739990234375,763.7694702148438,2220267,0.0,0.0,0.0
2026-09-01 10:30:00-04:00,763.760009765625,764.5499877929688,763.35009765625,763.5399780273438,2187744,0.0,0.0,0.0
2026-09-01 11:00:00-04:00,763.5599975585938,763.6599731445312,762.6699829101562,763.5900268554688,1630575,0.0,0.0,0.0
2026-09-01 11:30:00-04:00,763.5900268554688,764.6699829101562,763.4400024414062,764.2899780273438,1663440,0.0,0.0,0.0
2026-09-01 12:00:00-04:00,764.2899780273438,764.3400268554688,762.2899780273438,762.5399169921875,2154973,0.0,0.0,0.0
2026-09-01 12:30:00-04:00,762.5399780273438,762.6300048828125,761.5800170898438,762.260009765625,1771364,0.0,0.0,0.0
2026-09-01 13:00:00-04:00,762.260009765625,762.2899780273438,760.72998046875,761.6799926757812,1761724,0.0,0.0,0.0
2026-09-01 13:30:00-04:00,761.6799926757812,762.22998046875,761.4600219726562,761.8200073242188,1623405,0.0,0.0,0.0
2026-09-01 14:00:00-04:00,761.8099975585938,762.0399780273438,761.0700073242188,761.2100219726562,1715380,0.0,0.0,0.0
2026-09-01 14:30:00-04:00,761.2199096679688,761.2449951171875,759.47998046875,760.7294921875,3076906,0.0,0.0,0.0
2026-09-01 15:00:00-04:00,760.719970703125,761.6099853515625,760.6199951171875,761.3599853515625,2297441,0.0,0.0,0.0
2026-09-01 15:30:00-04:00,761.39990234375,761.75,760.5800170898438,761.7000122070312,6577184,0.0,0.0,0.0
2026-09-02 09:30:00-04:00,762.4500122070312,763.0650024414062,761.72998046875,763.0650024414062,3600991,0.0,0.0,0.0
2026-09-02 10:00:00-04:00,763.030029296875,765.5850219726562,762.8599853515625,765.27001953125,2579452,0.0,0.0,0.0
2026-09-02 10:30:00-04:00,765.2750244140625,766.3400268554688,764.9299926757812,765.3099975585938,1874051,0.0,0.0,0.0
2026-09-02 11:00:00-04:00,765.3099975585938,766.4000244140625,765.1400146484375,766.2949829101562,1225560,0.0,0.0,0.0
2026-09-02 11:30:00-04:00,766.3250122070312,766.4299926757812,764.969970703125,765.9249877929688,1281747,0.0,0.0,0.0
2026-09-02 12:00:00-04:00,765.9199829101562,765.9199829101562,764.6900024414062,764.8499755859375,715739,0.0,0.0,0.0
2026-09-02 12:30:00-04:00,764.8499755859375,765.3200073242188,764.7000122070312,764.9199829101562,726053,0.0,0.0,0.0
2026-09-02 13:00:00-04:00,764.9199829101562,765.47998046875,764.4600219726562,764.7100219726562,879711,0.0,0.0,0.0
2026-09-02 13:30:00-04:00,764.75,765.2899780273438,764.3499755859375,765.1799926757812,874607,0.0,0.0,0.0
2026-09-02 14:00:00-04:00,765.1799926757812,766.0899047851562,764.72998046875,765.3200073242188,1715166,0.0,0.0,0.0
2026-09-02 14:30:00-04:00,765.3400268554688,765.5252075195312,764.5900268554688,764.8099975585938,1930232,0.0,0.0,0.0
2026-09-02 15:00:00-04:00,764.7899780273438,765.52001953125,764.6699829101562,765.47998046875,1869375,0.0,0.0,0.0
2026-09-02 15:30:00-04:00,765.469970703125,765.4849853515625,764.75,765.1500244140625,3858580,0.0,0.0,0.0
2026-09-03 09:30:00-04:00,767.9000244140625,770.0449829101562,767.8499755859375,769.5599975585938,6115062,0.0,0.0,0.0
2026-09-03 10:00:00-04:00,769.530029296875,769.5700073242188,767.530029296875,768.6699829101562,2989301,0.0,0.0,0.0
2026-09-03 10:30:00-04:00,768.6699829101562,769.3300170898438,767.469970703125,769.280029296875,2299395,0.0,0.0,0.0
2026-09-03 11:00:00-04:00,769.260009765625,772.9500122070312,769.25,772.9400024414062,3700224,0.0,0.0,0.0
2026-09-03 11:30:00-04:00,772.9400024414062,773.3200073242188,772.2750244140625,773.3200073242188,2236445,0.0,0.0,0.0
2026-09-03 12:00:00-04:00,773.3099975585938,773.3099975585938,772.2100219726562,772.4349975585938,1821347,0.0,0.0,0.0
2026-09-03 12:30:00-04:00,772.4500122070312,773.22998046875,772.2999877929688,772.8800048828125,1310916,0.0,0.0,0.0
2026-09-03 13:00:00-04:00,772.9000244140625,773.0,772.1199951171875,772.668701171875,995101,0.0,0.0,0.0
2026-09-03 13:30:00-04:00,772.6500244140625,773.47998046875,772.6475219726562,773.2750244140625,1271523,0.0,0.0,0.0
2026-09-03 14:00:00-04:00,773.260009765625,774.030029296875,773.260009765625,773.72998046875,1709030,0.0,0.0,0.0
2026-09-03 14:30:00-04:00,773.7589721679688,773.9000244140625,773.4000244140625,773.6699829101562,1492209,0.0,0.0,0.0
2026-09-03 15:00:00-04:00,773.6649780273438,773.7050170898438,773.1300048828125,773.4099731445312,2773985,0.0,0.0,0.0
2026-09-03 15:30:00-04:00,773.4149780273438,773.5499877929688,772.7000122070312,773.1099853515625,7413346,0.0,0.0,0.0
2026-09-04 09:30:00-04:00,772.010009765625,772.8699951171875,771.8099975585938,772.3099975585938,4875230,0.0,0.0,0.0
2026-09-04 10:00:00-04:00,772.3200073242188,772.3599853515625,770.760009765625,771.2100219726562,2254613,0.0,0.0,0.0
2026-09-04 10:30:00-04:00,771.2050170898438,771.2899780273438,769.2999877929688,769.4500122070312,1818923,0.0,0.0,0.0
2026-09-04 11:00:00-04:00,769.469970703125,769.989990234375,769.0499877929688,769.4299926757812,2315254,0.0,0.0,0.0
2026-09-04 11:30:00-04:00,769.47998046875,770.0599975585938,769.0,769.95751953125,1260036,0.0,0.0,0.0
2026-09-04 12:00:00-04:00,769.9550170898438,771.1500244140625,769.8300170898438,770.6599731445312,1311667,0.0,0.0,0.0
2026-09-04 12:30:00-04:00,770.6599731445312,771.3200073242188,770.5551147460938,770.8900146484375,998069,0.0,0.0,0.0
2026-09-04 13:00:00-04:00,770.9000244140625,770.969970703125,769.7999877929688,769.8519897460938,1039193,0.0,0.0,0.0
2026-09-04 13:30:00-04:00,769.8499755859375,769.8699951171875,769.1300048828125,769.458984375,1589556,0.0,0.0,0.0
2026-09-04 14:00:00-04:00,769.4400024414062,769.989990234375,769.2100830078125,769.8800048828125,1133483,0.0,0.0,0.0
2026-09-04 14:30:00-04:00,769.8900146484375,770.3699951171875,769.7830810546875,770.25,1278989,0.0,0.0,0.0
2026-09-04 15:00:00-04:00,770.260009765625,770.3800048828125,769.5900268554688,770.010009765625,2445314,0.0,0.0,0.0
2026-09-04 15:30:00-04:00,770.0,770.47998046875,769.6300048828125,770.239990234375,5883724,0.0,0.0,0.0
2026-09-08 09:30:00-04:00,769.0700073242188,769.6900024414062,766.8200073242188,767.4600219726562,5242522,0.0,0.0,0.0
2026-09-08 10:00:00-04:00,767.4500122070312,767.6300048828125,765.989990234375,766.7000122070312,2871181,0.0,0.0,0.0
2026-09-08 10:30:00-04:00,766.7000122070312,767.948974609375,766.4400024414062,767.6500244140625,1617014,0.0,0.0,0.0
2026-09-08 11:00:00-04:00,767.6699829101562,768.3699951171875,767.3499755859375,767.8049926757812,2173642,0.0,0.0,0.0
2026-09-08 11:30:00-04:00,767.7999877929688,768.0800170898438,767.3400268554688,767.3900146484375,1728849,0.0,0.0,0.0
2026-09-08 12:00:00-04:00,767.4000244140625,767.7899780273438,766.8099975585938,767.0999755859375,1680563,0.0,0.0,0.0
2026-09-08 12:30:00-04:00,767.0999755859375,767.6099853515625,766.5499877929688,766.9400024414062,1820698,0.0,0.0,0.0
2026-09-08 13:00:00-04:00,766.92919921875,768.1199951171875,766.92919921875,767.4749755859375,1058897,0.0,0.0,0.0
2026-09-08 13:30:00-04:00,767.489990234375,767.8800048828125,767.3150024414062,767.4600219726562,1217536,0.0,0.0,0.0
2026-09-08 14:00:00-04:00,767.47998046875,767.8900146484375,767.4600219726562,767.7650146484375,1163434,0.0,0.0,0.0
2026-09-08 14:30:00-04:00,767.77001953125,767.7899780273438,765.6699829101562,766.77001953125,2603466,0.0,0.0,0.0
2026-09-08 15:00:00-04:00,766.780029296875,767.0999755859375,766.4849853515625,766.97998046875,1918345,0.0,0.0,0.0
2026-09-08 15:30:00-04:00,766.969970703125,767.1500244140625,765.1400146484375,765.989990234375,8039756,0.0,0.0,0.0
2026-09-09 09:30:00-04:00,764.0800170898438,764.3800048828125,763.239990234375,764.0999755859375,3328249,0.0,0.0,0.0
2026-09-09 10:00:00-04:00,764.0900268554688,764.2000122070312,762.489990234375,763.97998046875,2393226,0.0,0.0,0.0
2026-09-09 10:30:00-04:00,763.969970703125,764.010009765625,763.25,763.780029296875,1109487,0.0,0.0,0.0
2026-09-09 11:00:00-04:00,763.7899780273438,764.469970703125,760.9400024414062,761.5399780273438,2911925,0.0,0.0,0.0
2026-09-09 11:30:00-04:00,761.5401000976562,763.095703125,761.47998046875,762.1699829101562,1942076,0.0,0.0,0.0
2026-09-09 12:00:00-04:00,762.1699829101562,762.4099731445312,761.3200073242188,761.6300048828125,1195486,0.0,0.0,0.0
2026-09-09 12:30:00-04:00,761.614990234375,762.8599853515625,761.5800170898438,762.5659790039062,1235812,0.0,0.0,0.0
2026-09-09 13:00:00-04:00,762.5750122070312,763.2899780273438,762.3720092773438,762.9199829101562,1228794,0.0,0.0,0.0
2026-09-09 13:30:00-04:00,762.9299926757812,763.3200073242188,762.3800048828125,763.0250244140625,788171,0.0,0.0,0.0
2026-09-09 14:00:00-04:00,763.02001953125,763.1699829101562,762.280029296875,762.8400268554688,1606660,0.0,0.0,0.0
2026-09-09 14:30:00-04:00,762.844970703125,763.3900146484375,762.5900268554688,762.9000244140625,962870,0.0,0.0,0.0
2026-09-09 15:00:00-04:00,762.9199829101562,763.4097290039062,762.6400146484375,763.0999755859375,2133675,0.0,0.0,0.0
2026-09-09 15:30:00-04:00,763.0999755859375,763.2100219726562,762.0999755859375,762.3900146484375,7380266,0.0,0.0,0.0
2026-09-10 09:30:00-04:00,758.030029296875,758.97998046875,756.7022094726562,756.780029296875,8155632,0.0,0.0,0.0
2026-09-10 10:00:00-04:00,756.7520141601562,760.1099853515625,756.6400146484375,758.7100219726562,4933481,0.0,0.0,0.0
2026-09-10 10:30:00-04:00,758.7150268554688,759.5999755859375,758.4304809570312,759.3994750976562,2930893,0.0,0.0,0.0
2026-09-10 11:00:00-04:00,759.4000244140625,759.5599975585938,758.5499877929688,759.1849975585938,2650342,0.0,0.0,0.0
2026-09-10 11:30:00-04:00,759.1900024414062,759.969970703125,758.219970703125,758.5399780273438,1781453,0.0,0.0,0.0
2026-09-10 12:00:00-04:00,758.5499877929688,759.0791015625,757.7899780273438,758.0850219726562,1556845,0.0,0.0,0.0
2026-09-10 12:30:00-04:00,758.0800170898438,759.344970703125,757.260009765625,759.2050170898438,1908961,0.0,0.0,0.0
2026-09-10 13:00:00-04:00,759.2000122070312,759.8499755859375,758.510009765625,758.5900268554688,1391724,0.0,0.0,0.0
2026-09-10 13:30:00-04:00,758.5800170898438,758.77001953125,758.030029296875,758.27001953125,1051348,0.0,0.0,0.0
2026-09-10 14:00:00-04:00,758.27001953125,758.5599975585938,757.469970703125,757.6900024414062,1616520,0.0,0.0,0.0
2026-09-10 14:30:00-04:00,757.6699829101562,758.3900146484375,757.2598876953125,757.7750244140625,1588662,0.0,0.0,0.0
2026-09-10 15:00:00-04:00,757.7750244140625,758.030029296875,757.3099975585938,757.614990234375,2581363,0.0,0.0,0.0
2026-09-10 15:30:00-04:00,757.6099853515625,758.2899780273438,757.4400024414062,757.8800048828125,6478162,0.0,0.0,0.0
2026-09-11 09:30:00-04:00,764.719970703125,766.3800048828125,764.2249755859375,766.3099975585938,7456142,0.0,0.0,0.0
2026-09-11 10:00:00-04:00,766.3099975585938,766.3300170898438,764.6300048828125,765.72998046875,2440362,0.0,0.0,0.0
2026-09-11 10:30:00-04:00,765.75,765.780029296875,763.5999755859375,763.969970703125,3192523,0.0,0.0,0.0
2026-09-11 11:00:00-04:00,763.9537963867188,766.239990234375,763.8099975585938,766.0,1458374,0.0,0.0,0.0
2026-09-11 11:30:00-04:00,765.97998046875,766.27001953125,765.3820190429688,765.7100219726562,1885198,0.0,0.0,0.0
2026-09-11 12:00:00-04:00,765.719970703125,766.2000122070312,764.8699951171875,764.9199829101562,2670662,0.0,0.0,0.0
2026-09-11 12:30:00-04:00,764.9400024414062,765.760009765625,764.8099975585938,765.6199951171875,2048785,0.0,0.0,0.0
2026-09-11 13:00:00-04:00,765.6400146484375,766.3300170898438,765.510009765625,765.9949951171875,2444966,0.0,0.0,0.0
2026-09-11 13:30:00-04:00,765.9949951171875,766.260009765625,765.6400146484375,765.739990234375,1708373,0.0,0.0,0.0
2026-09-11 14:00:00-04:00,765.739990234375,765.969970703125,765.1400146484375,765.4099731445312,2007498,0.0,0.0,0.0
2026-09-11 14:30:00-04:00,765.4199829101562,765.5800170898438,764.9400024414062,765.0250244140625,1570311,0.0,0.0,0.0
2026-09-11 15:00:00-04:00,765.0399780273438,765.2999877929688,764.5499877929688,765.02001953125,2496034,0.0,0.0,0.0
2026-09-11 15:30:00-04:00,765.0250244140625,765.1300048828125,764.0399780273438,764.1799926757812,8516463,0.0,0.0,0.0
2026-09-14 09:30:00-04:00,759.0,760.5900268554688,758.4542236328125,759.9949951171875,4989262,0.0,0.0,0.0
2026-09-14 10:00:00-04:00,759.9863891601562,761.114990234375,758.22998046875,758.8400268554688,2901990,0.0,0.0,0.0
2026-09-14 10:30:00-04:00,758.8250122070312,759.135009765625,757.9299926757812,758.5700073242188,2443555,0.0,0.0,0.0
2026-09-14 11:00:00-04:00,758.5900268554688,759.8952026367188,758.1500244140625,759.594970703125,2492467,0.0,0.0,0.0
2026-09-14 11:30:00-04:00,759.5499877929688,762.22998046875,759.4500122070312,761.75,3210992,0.0,0.0,0.0
2026-09-14 12:00:00-04:00,761.77001953125,762.5999755859375,761.2100219726562,762.02001953125,1407473,0.0,0.0,0.0
2026-09-14 12:30:00-04:00,762.010009765625,763.52001953125,761.8300170898438,762.9000244140625,1734091,0.0,0.0,0.0
2026-09-14 13:00:00-04:00,762.9000244140625,763.0599975585938,761.9039916992188,762.6799926757812,1186307,0.0,0.0,0.0
2026-09-14 13:30:00-04:00,762.7150268554688,762.8699951171875,762.3400268554688,762.3499755859375,1217724,0.0,0.0,0.0
2026-09-14 14:00:00-04:00,762.35498046875,762.8300170898438,761.91748046875,762.0108032226562,2205026,0.0,0.0,0.0
2026-09-14 14:30:00-04:00,762.0399780273438,762.7000122070312,761.969970703125,762.1279907226562,6152578,0.0,0.0,0.0
2026-09-14 15:00:00-04:00,762.1400146484375,762.2100219726562,761.6099853515625,761.7249755859375,2881427,0.0,0.0,0.0
2026-09-14 15:30:00-04:00,761.7249755859375,761.9299926757812,760.6599731445312,760.77001953125,6762840,0.0,0.0,0.0
2026-09-15 09:30:00-04:00,760.1170043945312,760.3400268554688,758.72998046875,759.5499877929688,3504311,0.0,0.0,0.0
2026-09-15 10:00:00-04:00,759.5405883789062,759.5405883789062,757.1799926757812,757.47998046875,3393488,0.0,0.0,0.0
2026-09-15 10:30:00-04:00,757.469970703125,757.6500244140625,756.1500244140625,756.4400024414062,3180241,0.0,0.0,0.0
2026-09-15 11:00:00-04:00,756.4500122070312,757.5,756.4349975585938,757.47998046875,2170392,0.0,0.0,0.0
2026-09-15 11:30:00-04:00,757.47998046875,757.75,756.926025390625,757.114990234375,1941043,0.0,0.0,0.0
2026-09-15 12:00:00-04:00,757.114990234375,757.8699951171875,756.6300048828125,757.5750122070312,1215055,0.0,0.0,0.0
2026-09-15 12:30:00-04:00,757.5800170898438,758.0599975585938,757.3200073242188,757.739990234375,1693532,0.0,0.0,0.0
2026-09-15 13:00:00-04:00,757.739990234375,757.8499755859375,756.5999755859375,756.8800048828125,1278472,0.0,0.0,0.0
2026-09-15 13:30:00-04:00,756.8599853515625,757.4000244140625,756.8150024414062,757.27001953125,842885,0.0,0.0,0.0
2026-09-15 14:00:00-04:00,757.280029296875,757.9349975585938,757.1400146484375,757.6699829101562,1240943,0.0,0.0,0.0
2026-09-15 14:30:00-04:00,757.6599731445312,757.6599731445312,756.739990234375,757.489990234375,7821648,0.0,0.0,0.0
2026-09-15 15:00:00-04:00,757.469970703125,757.6199951171875,756.9400024414062,756.9849853515625,1716531,0.0,0.0,0.0
2026-09-15 15:30:00-04:00,756.97998046875,757.4600219726562,756.510009765625,757.4199829101562,6632344,0.0,0.0,0.0
2026-09-16 09:30:00-04:00,759.5,760.4299926757812,758.7230224609375,760.2000122070312,4003365,0.0,0.0,0.0
2026-09-16 10:00:00-04:00,760.22998046875,760.4199829101562,758.760009765625,758.9600219726562,1884831,0.0,0.0,0.0
2026-09-16 10:30:00-04:00,758.9738159179688,760.25,758.7999877929688,760.2100219726562,1390827,0.0,0.0,0.0
2026-09-16 11:00:00-04:00,760.2150268554688,761.030029296875,760.1599731445312,760.340087890625,2812364,0.0,0.0,0.0
2026-09-16 11:30:00-04:00,760.3699951171875,761.6699829101562,760.010009765625,760.6900024414062,1532477,0.0,0.0,0.0
2026-09-16 12:00:00-04:00,760.6900024414062,760.739990234375,759.8599853515625,760.1400146484375,1518404,0.0,0.0,0.0
2026-09-16 12:30:00-04:00,760.1300048828125,760.219970703125,759.6699829101562,759.77001953125,907242,0.0,0.0,0.0
2026-09-16 13:00:00-04:00,759.7750244140625,759.9400024414062,759.260009765625,759.9299926757812,1272252,0.0,0.0,0.0
2026-09-16 13:30:00-04:00,759.9349975585938,760.280029296875,759.3099975585938,760.280029296875,1223104,0.0,0.0,0.0
2026-09-16 14:00:00-04:00,760.1815795898438,761.2249755859375,758.77001953125,759.6799926757812,4074952,0.0,0.0,0.0
2026-09-16 14:30:00-04:00,759.6400146484375,760.2100219726562,753.75,753.8900146484375,6826127,0.0,0.0,0.0
2026-09-16 15:00:00-04:00,753.9000244140625,755.3599853515625,749.5999755859375,751.260009765625,9605254,0.0,0.0,0.0
2026-09-16 15:30:00-04:00,751.239990234375,754.3699951171875,751.1099853515625,754.0700073242188,12943928,0.0,0.0,0.0
2026-09-17 09:30:00-04:00,763.1500244140625,763.4099731445312,760.4000244140625,761.25,7072116,0.0,0.0,0.0
2026-09-17 10:00:00-04:00,761.25,762.27001953125,759.9600219726562,761.6749877929688,3260683,0.0,0.0,0.0
2026-09-17 10:30:00-04:00,761.6699829101562,762.219970703125,760.4400024414062,760.7849731445312,2420130,0.0,0.0,0.0
2026-09-17 11:00:00-04:00,760.7899780273438,761.72998046875,760.3599853515625,761.5700073242188,2181379,0.0,0.0,0.0
2026-09-17 11:30:00-04:00,761.5700073242188,762.5599975585938,761.4849853515625,762.5399780273438,1696811,0.0,0.0,0.0
2026-09-17 12:00:00-04:00,762.5499877929688,762.6300048828125,762.0549926757812,762.530029296875,1475866,0.0,0.0,0.0
2026-09-17 12:30:00-04:00,762.510009765625,762.6599731445312,761.6099853515625,762.4550170898438,1324215,0.0,0.0,0.0
2026-09-17 13:00:00-04:00,762.4550170898438,762.7999267578125,761.8150024414062,762.0349731445312,1461752,0.0,0.0,0.0
2026-09-17 13:30:00-04:00,762.0599975585938,762.6400146484375,761.9000244140625,762.6300048828125,991727,0.0,0.0,0.0
2026-09-17 14:00:00-04:00,762.6199951171875,762.9500122070312,762.4299926757812,762.72998046875,1707307,0.0,0.0,0.0
2026-09-17 14:30:00-04:00,762.72998046875,762.8499755859375,762.1400146484375,762.4400024414062,1571327,0.0,0.0,0.0
2026-09-17 15:00:00-04:00,762.4450073242188,763.0599975585938,762.4400024414062,762.6099243164062,2617758,0.0,0.0,0.0
2026-09-17 15:30:00-04:00,762.5999755859375,763.5700073242188,762.4299926757812,762.6799926757812,8823848,0.0,0.0,0.0
2026-09-18 09:30:00-04:00,761.3099975585938,761.760009765625,759.5599975585938,759.7100219726562,10452508,1.889,0.0,0.0
2026-09-18 10:00:00-04:00,759.7100219726562,759.9349975585938,758.75,759.3399047851562,3156945,0.0,0.0,0.0
2026-09-18 10:30:00-04:00,759.3200073242188,759.9600219726562,758.8499755859375,759.9299926757812,2087385,0.0,0.0,0.0
2026-09-18 11:00:00-04:00,759.9500122070312,760.0598754882812,759.4199829101562,759.97998046875,14146184,0.0,0.0,0.0
2026-09-18 11:30:00-04:00,759.969970703125,760.0700073242188,758.8499755859375,759.0,1675235,0.0,0.0,0.0
2026-09-18 12:00:00-04:00,758.989990234375,759.2276000976562,757.9710083007812,758.780029296875,2184245,0.0,0.0,0.0
2026-09-18 12:30:00-04:00,758.760009765625,759.5449829101562,758.5700073242188,759.3994750976562,1187452,0.0,0.0,0.0
2026-09-18 13:00:00-04:00,759.39501953125,759.5798950195312,759.0250244140625,759.4000244140625,5309822,0.0,0.0,0.0
2026-09-18 13:30:00-04:00,759.405029296875,759.9000244140625,759.22998046875,759.8300170898438,1137814,0.0,0.0,0.0
2026-09-18 14:00:00-04:00,759.8300170898438,760.6099853515625,759.6599731445312,760.469970703125,1851528,0.0,0.0,0.0
2026-09-18 14:30:00-04:00,760.47998046875,761.8300170898438,760.2338256835938,761.260009765625,1980333,0.0,0.0,0.0
2026-09-18 15:00:00-04:00,761.260009765625,761.469970703125,760.8350219726562,760.8599853515625,1697071,0.0,0.0,0.0
2026-09-18 15:30:00-04:00,760.8699951171875,762.0,760.6799926757812,761.6300048828125,8483020,0.0,0.0,0.0
2026-09-21 09:30:00-04:00,766.2509765625,767.719970703125,766.030029296875,767.6900024414062,5292062,0.0,0.0,0.0
2026-09-21 10:00:00-04:00,767.6849975585938,769.2899780273438,767.0449829101562,769.0333251953125,4470763,0.0,0.0,0.0
2026-09-21 10:30:00-04:00,769.0150146484375,769.5499877929688,768.72998046875,769.219970703125,3480781,0.0,0.0,0.0
2026-09-21 11:00:00-04:00,769.219970703125,770.1799926757812,769.114990234375,769.8599853515625,1889827,0.0,0.0,0.0
2026-09-21 11:30:00-04:00,769.8699951171875,771.3599853515625,769.8099975585938,770.739990234375,2524196,0.0,0.0,0.0
2026-09-21 12:00:00-04:00,770.7349853515625,772.0399780273438,770.5189819335938,771.8200073242188,2017891,0.0,0.0,0.0
2026-09-21 12:30:00-04:00,771.8400268554688,772.6500244140625,771.7999877929688,772.3200073242188,1889606,0.0,0.0,0.0
2026-09-21 13:00:00-04:00,772.3400268554688,772.97998046875,772.1900024414062,772.8049926757812,2670229,0.0,0.0,0.0
2026-09-21 13:30:00-04:00,772.8200073242188,773.1699829101562,772.239990234375,772.89501953125,2333631,0.0,0.0,0.0
2026-09-21 14:00:00-04:00,772.9000244140625,773.989990234375,772.9000244140625,773.85498046875,1928638,0.0,0.0,0.0
2026-09-21 14:30:00-04:00,773.8599853515625,774.6199951171875,773.5850219726562,774.2949829101562,2715283,0.0,0.0,0.0
2026-09-21 15:00:00-04:00,774.2999877929688,774.4849853515625,773.9600219726562,774.0999755859375,3701931,0.0,0.0,0.0
2026-09-21 15:30:00-04:00,774.0999755859375,774.8900146484375,773.4099731445312,773.52001953125,8359975,0.0,0.0,0.0
